latitude	longitude
31.95376472	-89.23450472
30.68586111	-95.01792778
38.94574889	-104.56989330
42.74134667	-78.05208056
30.68801250	-81.90594389
34.49166667	-88.20111111
32.85048667	-86.61145333
43.08751000	-88.17786917
40.67331278	-80.64140639
40.44725889	-92.22696056
33.93011222	-89.34285194
46.88384889	-96.35089861
41.51961917	-87.40109333
31.42127556	-97.79696778
39.60416667	-116.00505970
32.46047167	-85.68003611
41.98934083	-88.10124278
48.88434111	-99.62087694
33.53456583	-89.31256917
41.43156583	-74.39191722
41.97602222	-114.65809110
41.30716667	-85.06433333
32.52883861	-94.97174556
42.57450861	-84.81143139
41.11668056	-98.05033639
32.52943944	-86.32822139
48.30079861	-102.40635140
40.65138528	-98.07978667
32.76124611	-89.53007139
32.11931306	-88.12746250
31.07447222	-81.42777778
41.63695083	-99.34038139
33.99150222	-90.07814500
38.86872333	-77.00747583
35.98531194	-85.80931806
32.93679056	-87.08888306
36.37094306	-82.17374111
61.93396417	-162.89293580
44.42506444	-70.80784778
42.60355556	-97.25263889
42.59136361	-72.52275472
44.11672722	-72.82705806
41.25130806	-72.03161139
42.40418556	-88.63343222
42.11388722	-96.72892556
42.35083333	-86.25613889
44.98730556	-99.95350000
34.98560639	-106.00946610
35.71765889	-108.20159610
33.60166667	-97.77556000
41.29028694	-98.99064278
35.38898833	-95.60165111
36.17528000	-96.15181028
34.19592833	-96.67555694
43.10318389	-78.70334583
40.39944417	-96.17139694
41.46736111	-84.50655556
42.88062278	-76.78162028
39.00445250	-99.89289917
38.36674167	-84.28410056
31.60016778	-85.23882222
31.04247361	-86.31156111
31.36489500	-85.30965556
42.73608250	-94.24524167
37.71798833	-117.23841190
35.76827222	-115.32963780
36.31108972	-114.46386720
33.88454750	-91.53429111
35.63778000	-88.12799500
36.01122694	-88.12328833
36.11659972	-87.73815889
34.36677444	-89.90008917
32.82587917	-91.18766500
38.14611639	-120.64817330
39.94376806	-122.17137810
38.53146222	-121.78649060
40.02764333	-124.07336390
40.52210111	-121.81776830
31.29700806	-89.81282944
31.01621528	-87.44675972
29.97576083	-92.08415167
31.56683278	-91.50011889
31.96366222	-92.66026056
31.99071694	-93.30739306
48.95896500	-119.41196220
48.04981361	-122.80127920
38.53916389	-106.04584830
40.51491250	-98.94565083
37.14172222	-79.01638889
43.30694778	-100.62819360
36.70972139	-110.23679780
42.40266472	-88.37588917
44.94996278	-94.06691750
40.53716667	-81.95436111
41.62787111	-74.13375583
41.95323306	-116.18760140
31.88329917	-85.48491361
41.22581222	-79.44098972
42.04808278	-88.05257194
31.39698611	-84.89525694
30.21900000	-96.37427778
41.89300139	-89.07829000
47.81833333	-92.29166667
31.05126306	-87.06796833
40.04636111	-98.06011111
44.43746472	-93.91274083
43.45213722	-85.26480333
37.85158250	-96.29169806
40.96676444	-74.78016556
31.40988861	-86.08883583
33.18262167	-90.83065444
45.89857556	-94.87391000
33.19155556	-99.71793056
31.13780556	-83.45308333
34.77231250	-88.16587444
61.43706083	-142.90373720
60.90582833	-162.43911580
41.09405556	-83.21250000
31.74328472	-84.41928500
42.99845056	-123.30950920
40.78141667	-82.97469444
31.00694444	-84.87761111
36.77430028	-102.51043640
31.86127139	-89.80285361
39.70547583	-75.03300306
58.98896583	-159.04997390
34.34010472	-83.13348333
36.69591306	-84.39160389
34.17402472	-83.56066528
33.12546111	-90.02555694
39.77842056	-74.94780389
56.32880417	-133.61008440
35.01619111	-84.34631083
35.22259500	-83.41904389
36.61063750	-83.73741611
36.39728139	-85.64164278
32.43877500	-86.51044778
45.00839444	-69.23976722
42.29130028	-73.71031944
43.61534389	-73.27455556
42.00013306	-71.19677139
41.69597444	-88.12923056
45.23053806	-96.56596556
42.35003667	-83.45826833
43.40332833	-98.82952972
44.73107278	-94.71471333
45.29329111	-97.51369889
44.86247611	-98.52953972
34.14698917	-97.12265194
34.07509694	-97.10667917
34.14040194	-96.81203222
33.17533333	-97.82838889
41.39100000	-83.63013889
41.15186167	-81.41658306
35.99221000	-113.81661640
41.13144444	-81.76491667
43.18166667	-76.12777778
38.72752000	-90.50830417
39.07045083	-88.53351972
38.47149444	-91.81531667
39.30250917	-88.00406194
42.36425000	-74.06596806
40.54281417	-86.68167194
30.84577778	-85.60138889
34.85007333	-97.58642028
35.15506750	-97.47039389
36.56670028	-98.85231333
37.45419111	-100.99211190
30.08720833	-90.58266528
37.78746444	-114.42165670
37.74532639	-111.57016530
37.85969694	-112.81605500
34.83398056	-92.25792778
33.14518056	-90.51528472
34.28034806	-87.60044139
36.59287528	-86.47691028
36.52589417	-88.91561611
37.12071889	-92.31124500
40.82787639	-72.74871083
39.21915000	-74.79476500
40.97114556	-74.99747556
40.57027778	-75.48830556
46.64857750	-97.00564306
34.23758944	-98.74200917
38.99017472	-122.89971750
38.20241667	-121.26841670
35.73338222	-98.73063833
41.26320889	-122.27195280
31.67100500	-92.15846722
31.60584750	-90.40931583
30.87046278	-87.81738167
47.10391667	-122.28719440
46.27110639	-106.62392060
46.32763139	-119.97059640
48.19018611	-116.90936440
42.24714972	-111.33826000
36.80833833	-107.65144440
42.00942944	-101.76934390
40.03942972	-105.22582170
38.42838111	-105.10549940
38.78539722	-108.06366110
33.97231972	-86.37942722
33.13345889	-88.53559806
41.98525250	-73.96409722
46.92362444	-103.97853890
40.05367972	-106.36894670
44.99748861	-92.85568111
33.22872500	-98.14671083
41.77287528	-73.01121667
39.32812500	-82.44182167
34.27593833	-89.03839694
40.80950889	-75.76149639
30.27778889	-81.80594722
32.08487111	-88.73893389
40.75843139	-73.05372083
29.13840750	-98.94189028
35.31686250	-83.20936806
30.30105583	-83.02318778
36.82853500	-106.88419140
31.70016583	-84.82492194
34.72226778	-89.01504944
26.44201083	-98.12945306
33.28761417	-85.80412861
39.26347222	-74.60747222
29.00101000	-96.58194667
42.00211083	-117.72319720
34.09519722	-82.81586417
44.72801889	-96.26309972
34.30927778	-81.63972222
38.23442528	-84.43468667
29.65863889	-81.68855556
41.14597611	-80.16592194
41.21019500	-81.25163083
45.04993556	-110.74660080
35.48624611	-84.93109722
36.34970833	-84.94664472
57.53510667	-153.97841690
63.03116111	-163.52992780
61.35848528	-155.44035080
43.38812944	-72.18925417
44.76852778	-69.37441667
43.88423500	-72.25370333
40.97089139	-81.09981889
46.17301972	-98.07987556
32.75627778	-101.91947220
36.35703500	-96.01138556
33.29288889	-95.89641806
32.75607944	-91.88057194
40.35944306	-80.70007806
39.95893667	-79.65713306
39.58027778	-79.33941667
40.03911111	-79.01455556
39.41042861	-88.84543250
36.96230778	-93.69531111
37.35502778	-87.39963889
40.29355556	-88.14236111
26.74200972	-81.04978917
31.78461111	-81.64116667
32.98654083	-82.38568139
32.89376972	-81.96511583
30.59786111	-84.55741667
37.58271111	-101.73281000
34.89172583	-99.52675667
63.39387278	-153.26897330
37.11560444	-87.85556944
35.23430250	-87.25793222
35.43816667	-94.80277778
32.35347778	-89.48867944
35.27897583	-89.93147611
39.94378056	-120.94689830
38.57851778	-122.43525720
37.11244417	-120.24684060
36.81382111	-118.20509560
35.50592472	-98.34236111
45.38620833	-86.92448056
38.57907250	-121.85663220
31.64599472	-88.63475667
30.63762083	-86.99365278
30.50190833	-88.27511667
28.82500750	-97.86558333
47.45815333	-122.47735060
45.29567333	-122.95537830
42.58319167	-121.87612610
47.75320639	-118.74389360
34.18513639	-102.64109810
37.27750500	-107.05587420
40.16367139	-105.16303690
40.10032333	-102.24096000
40.10415306	-102.71298690
38.60053667	-77.07296917
38.31536111	-76.55011111
59.56247750	-139.74109940
42.38748056	-94.61803333
32.67535389	-102.65268500
42.12787528	-71.37033556
46.52511111	-114.05280560
31.05527778	-85.88033333
34.16677639	-89.68619722
39.21837556	-75.59642667
47.12487194	-118.39275390
34.50705556	-81.94719444
42.53098278	-85.82513556
45.58944444	-120.67416670
37.96946389	-101.25544720
41.79067944	-123.38894440
40.48180556	-111.42880560
36.16565278	-92.14523611
35.37880028	-78.73362917
64.36263194	-161.20253690
46.38881583	-112.76698420
38.36247972	-111.59601640
40.39834833	-74.65760361
31.68932389	-87.76138750
34.26870833	-86.85833611
36.41008417	-83.55546167
35.02397611	-80.08127333
37.67162778	-97.07787222
42.10092806	-72.03840833
45.46302778	-69.55161111
42.09824111	-70.67212083
41.38390472	-72.50589444
43.66291528	-84.26132500
42.20680306	-88.32304028
43.54691667	-83.89550222
46.19424889	-91.24640972
45.13535778	-87.18586556
44.62506389	-86.20061944
32.07345972	-93.76551889
32.86133333	-94.01015361
35.80685278	-96.42185556
43.43890528	-85.99478000
45.03191861	-99.11566417
41.00158222	-81.75513111
40.90297222	-82.25563889
43.23472222	-77.12097222
43.03404639	-86.19816250
38.91463889	-82.09858333
39.91344194	-84.40030889
32.49268694	-80.99233028
33.59766667	-83.13900000
39.04327556	-96.84328694
37.99167972	-101.74628220
38.73290861	-89.80656722
38.45696333	-101.35321610
40.15847222	-89.33497222
39.16635306	-89.67489694
36.51837500	-86.05828083
33.38900611	-88.00557806
33.56044333	-92.08538861
40.79525917	-89.61340250
40.32988667	-74.34678694
47.25996056	-95.92809778
47.72423333	-97.59042222
37.26271722	-120.96325860
34.97979444	-97.38586167
35.16755222	-99.65787361
34.37258444	-98.40588583
36.89334528	-121.41027060
36.57757750	-94.86190028
28.36455528	-97.79208194
28.97325500	-95.86345528
30.16173611	-92.48396111
31.54489667	-93.48645306
30.24269333	-92.67344778
42.10372417	-123.68229110
42.51011722	-123.38798940
45.24651889	-120.16642330
43.43341028	-83.86245833
38.84866139	-90.50011833
45.04218500	-92.02934750
29.90930556	-96.95050000
41.83590806	-86.22517611
46.15313278	-112.86784000
47.48133194	-112.86976780
48.16247972	-110.11326310
40.33423194	-103.80395080
44.78777778	-88.56152444
42.98508917	-91.79060417
41.36276778	-94.02106194
59.23495111	-135.44071810
30.06927778	-83.58058333
39.97897222	-75.86547222
40.98607000	-109.67848110
39.32912833	-111.61463970
36.07079222	-91.82914667
43.55974139	-85.77421944
29.84475000	-82.04752778
48.11595861	-105.18219280
35.38819528	-79.79281667
45.18338806	-69.23282250
41.70742861	-73.73802889
34.89107083	-79.75905806
41.71932528	-82.82196917
30.33633806	-94.25754361
34.85508722	-83.99685500
47.45111111	-99.15111111
41.98458333	-73.83596556
34.31058333	-84.42391667
34.71258333	-79.95794444
40.52438417	-74.59839194
40.63750778	-100.47125390
32.39936111	-83.27591667
43.83111111	-84.74133333
38.68704444	-80.65176083
38.47110278	-99.90806667
48.56666472	-108.77293390
40.01022500	-105.04797500
34.62786417	-84.52492889
32.77333333	-96.80027778
34.52751083	-114.43106970
43.67676000	-92.17973444
60.86674556	-162.27313890
34.01869444	-85.14647222
35.89893667	-92.65588611
34.68897278	-86.00581250
33.38911111	-84.33236111
34.47289250	-85.72221722
42.56072611	-73.83395639
42.75840889	-74.13290472
43.87700278	-73.41317639
43.86256083	-73.74262972
41.69037667	-72.86482250
41.91676389	-72.77731778
40.99445361	-92.76297194
42.77420167	-84.73309806
40.11389972	-99.34565306
32.17608333	-94.29880556
32.69900000	-94.94886111
41.44683167	-80.39126167
42.70089250	-78.91475694
39.77904472	-81.10277222
42.38214444	-77.68211250
39.44816667	-80.16702778
37.68760139	-82.26097306
40.32872222	-82.52377778
39.63359556	-86.81383250
40.52452778	-82.85005556
31.21272417	-81.90539083
31.21255556	-83.22627778
30.80575139	-83.58654889
30.75468028	-81.55731917
59.78960972	-154.12383310
57.92287611	-152.50051110
40.73210556	-92.42826889
60.57559667	-165.27312720
36.38340333	-93.61685667
34.80823000	-91.71205083
35.59785528	-92.45182472
36.79991667	-86.81016667
34.64870694	-91.39457111
36.40423139	-90.64792639
41.12854806	-74.34584611
36.74511583	-97.34959972
33.90932500	-94.85835278
36.78336306	-98.35035083
35.79167222	-110.42346530
31.01546028	-89.48256556
31.47210861	-87.89472083
30.46211250	-87.87801972
46.78865556	-90.75866944
30.46628389	-92.42379917
30.26048083	-88.12749972
42.41344444	-124.42427420
45.67261833	-121.53646250
45.35709583	-117.25322440
45.21632417	-122.59008390
39.66738111	-119.87541690
32.45609722	-96.91240972
48.51072222	-110.99086390
47.41861972	-105.56194310
40.09469917	-108.76121720
37.69640056	-104.78387470
42.11222889	-98.03867750
34.60183722	-78.57973306
62.18829583	-159.77495030
55.90331972	-130.00670310
40.75873222	-87.42821917
33.18605556	-80.03563889
40.11611111	-96.19445278
29.85033333	-97.67241667
46.34858333	-98.73555556
65.14370889	-149.36996470
33.61212528	-83.46044333
32.63388889	-105.68638890
34.24459889	-80.23729333
38.63334222	-95.80859806
30.73130000	-86.15160833
44.68032028	-84.72886278
30.61170083	-81.46234500
46.60400083	-121.67786640
40.88336139	-83.31453250
38.34688889	-93.34542500
46.01649694	-123.90541670
44.30285556	-68.91058722
42.79711111	-88.37250000
45.63199111	-70.24728944
34.01580528	-88.72618944
33.46540139	-89.72924806
59.28256167	-158.61767250
32.93346222	-84.68881639
43.05126111	-73.86119444
41.81974056	-71.90096306
42.69091194	-73.57956000
68.06543944	-149.57973920
42.99297222	-84.13891250
33.20370556	-101.34041500
32.78850806	-93.00366083
42.98136667	-77.93751389
40.88544444	-83.86863889
40.37645722	-79.60837583
41.73587750	-83.65541056
60.90415028	-149.62383890
40.17792583	-86.21729889
44.40416667	-118.96250000
34.08848361	-78.86462028
38.45418222	-101.74628280
34.40823444	-86.93295056
34.26260000	-91.30984194
33.84593722	-92.36542861
37.33616222	-88.11113611
46.85469528	-97.20870028
47.35940778	-97.06041639
63.01744750	-154.36396080
58.73288056	-157.01991970
59.97904306	-154.83969440
30.49858500	-97.96947222
30.42769722	-87.70082000
29.25427778	-96.15438889
30.44117222	-93.47349722
63.49005056	-162.11036920
32.08348611	-97.09722722
31.88098556	-106.70481310
28.85719361	-100.51229970
63.13382361	-142.52193390
45.27175833	-111.64863890
47.59664000	-110.26603670
36.69777750	-108.70119860
43.83332611	-101.49708810
35.70291750	-79.50529972
58.29888889	-134.40777780
63.54171472	-150.99395470
33.64870417	-99.26063056
33.90850556	-78.43667222
31.97987056	-87.33888056
35.94748028	-114.86109670
42.96320278	-88.81762806
45.52527778	-122.67092890
43.79984528	-123.02896780
41.26672278	-80.92897778
30.16927167	-96.98001083
43.23653139	-120.66609670
56.81131972	-132.96005670
43.96117222	-89.78804889
48.54156944	-117.88442470
33.22264500	-82.38373611
48.72632639	-116.29547610
44.41761111	-103.37477780
36.83497556	-114.05524530
56.46632500	-132.38001810
47.65404528	-118.16775190
32.56736694	-84.25074833
33.22697222	-84.27494444
35.19453167	-83.86490194
36.41789833	-81.82511528
66.55194444	-152.62222220
43.98478278	-73.09594889
43.02090306	-75.17043861
42.46045361	-71.51791444
44.56911417	-72.01797889
42.91395583	-76.44076889
43.14228139	-85.25380722
46.94100778	-98.01762611
34.70777139	-95.07378583
41.60880861	-79.74133111
40.00243139	-81.19183000
37.63355556	-85.24216667
33.79463889	-81.24586111
33.19550000	-80.50847222
33.92680111	-81.79455306
42.47083694	-97.88367778
36.29014667	-98.47582833
63.32881806	-142.95361940
37.85567778	-81.91589722
36.21673389	-91.75014556
40.12916667	-91.67833333
34.78027778	-90.81055556
35.53341472	-90.40149028
40.74260167	-73.97208306
40.73399083	-73.97291639
41.96217028	-100.56901390
30.35643000	-95.00801472
57.21810306	-153.26974940
30.78450278	-98.66025083
45.80638889	-109.98111110
43.97901000	-124.10956310
45.62910750	-109.25071670
46.25149444	-114.12554030
45.70308833	-108.76108860
43.29525056	-103.84353250
37.06374667	-81.79826944
43.99498861	-102.25043670
38.23879833	-108.56325970
30.88797667	-84.15473528
31.43113889	-85.61922222
47.23683778	-117.42102440
42.78054722	-90.68096028
32.41213750	-80.63455083
39.88083333	-80.73577778
48.49899250	-122.66239560
40.27829167	-110.05126190
31.68545833	-83.63211194
42.72086583	-82.59574694
43.31183000	-83.09091444
43.93206889	-123.00674830
43.45908333	-83.44522222
39.16620778	-80.06258056
31.30875278	-86.39376083
47.84583333	-110.63361110
32.68147222	-87.66208333
32.46381944	-87.95406389
32.81204611	-85.22958111
33.12928722	-85.36661500
35.94457028	-81.99566944
42.32816806	-72.61151667
42.54294389	-83.17790861
33.03622222	-96.24313889
33.59316472	-95.06355528
31.81682333	-97.56696361
31.91681306	-98.60032500
43.18118194	-77.91362333
41.44960972	-81.06292972
40.41208333	-83.73686111
37.56173889	-82.56660694
59.44689528	-135.32266330
37.45832417	-86.84995194
42.45416111	-96.47253111
60.86890528	-146.68646530
33.62022111	-91.36484056
34.52926056	-93.52713472
35.69114639	-90.01012028
35.51069583	-93.83930750
36.37820556	-90.16624167
29.95194444	-90.08166667
42.17590722	-77.11219278
39.73556333	-75.39772111
47.57076861	-114.09677830
45.53325917	-112.30916560
44.86676444	-123.19824750
46.50410722	-110.91326670
48.29997583	-112.25087110
38.81416194	-106.12069390
40.08473556	-98.54061694
35.56239250	-75.95518417
34.19260083	-95.64985889
44.15742611	-70.48129583
43.83872167	-90.13768389
41.15331528	-104.13022920
45.89029056	-84.73755083
44.98437500	-101.25104170
55.73963611	-132.25501830
30.03048028	-97.16687194
35.70140278	-109.51038140
35.12061417	-98.58061750
32.88321500	-90.46364750
43.10491444	-89.18553833
42.88355556	-88.59743056
32.99512944	-81.27024583
48.96885444	-115.07044640
41.60282583	-82.68462500
34.22910972	-86.25575806
34.39944167	-86.27016111
36.41217389	-85.31154861
44.99189500	-70.66462472
43.94424111	-88.11347750
45.67079278	-96.99619167
43.12860833	-85.67689778
44.89570278	-97.71191361
44.02914056	-97.53784778
33.25463889	-97.58055556
41.90755611	-79.64105083
40.23820667	-81.01256917
40.80161944	-80.16072889
37.83057667	-100.35042220
55.38965028	-131.73807420
34.58981806	-88.64699861
47.69543861	-114.18511780
47.51484611	-120.48480250
32.89783333	-79.78286111
46.77917333	-105.30470830
46.33111111	-111.48138890
42.56250167	-99.03787611
45.15904694	-93.84330361
43.29693250	-89.75595639
35.15426444	-95.62026389
44.17508056	-68.67863722
43.28333333	-90.29827778
35.60393694	-99.70343889
41.23334583	-97.11698111
36.69741667	-93.90052778
36.28340306	-96.46418833
48.94057222	-97.90277500
56.11631056	-133.12171530
45.87791444	-104.53750720
44.70414917	-100.10873530
33.30515528	-81.10898917
41.55834528	-98.54618528
33.63248250	-83.84955806
61.58317306	-159.23596670
34.65938889	-87.34883333
34.68896917	-85.29023333
34.78933333	-81.19577778
57.52786750	-157.39930560
43.89585250	-85.27920861
44.54165056	-99.44622306
43.22174722	-99.40330000
45.58055222	-103.52963560
48.48416750	-99.23680389
42.66361778	-85.34625944
42.86200306	-78.71658528
40.60423333	-79.82060611
43.02108667	-78.48296778
43.18200222	-78.55780528
40.46121083	-78.77524389
40.22115500	-90.02289361
37.91453139	-83.25212111
59.43264556	-154.80270580
38.78424250	-93.80285417
38.74750889	-98.23061222
37.66660278	-98.12264722
33.30345750	-89.22840028
32.84921361	-91.40390611
34.32842917	-92.35098583
48.80772722	-105.43947000
47.16825944	-114.85374110
45.87852778	-111.56913890
47.55164778	-109.37767920
45.45263139	-119.68863610
48.85417361	-108.40902140
39.46798056	-117.19537030
41.03829806	-107.49728690
42.73748639	-102.44489470
43.16564083	-101.71269530
43.76612222	-99.32134000
36.39893194	-76.01631111
34.15987361	-85.63512944
58.90648500	-157.71410780
57.05213778	-135.34620860
41.55819444	-122.85531030
41.88709222	-121.97556140
60.33534556	-162.66700940
59.07562167	-160.27304360
56.25504722	-158.77536140
59.87644778	-163.16755830
29.72754583	-85.02744778
37.74755556	-97.22113889
37.35827778	-85.30941667
41.48300000	-120.56536110
40.65236278	-75.44040167
32.41132000	-99.68189722
18.45111111	-66.67555556
35.04022222	-106.60919440
45.44905556	-98.42183333
31.53551500	-84.19447333
44.98857611	-85.19835500
32.11079917	-84.18884806
41.25305194	-70.06018139
44.07346389	-93.55294361
31.61128833	-97.23051917
40.97811528	-124.10861890
39.45758333	-74.57716667
34.71789028	-78.00362444
46.45026972	-95.21095472
41.86943667	-84.07480528
34.80434056	-96.67127750
51.87796389	-176.64603060
34.30320667	-97.01952167
57.74996778	-152.49385530
32.96855944	-96.83644778
39.84013889	-101.04202780
41.70137556	-94.92054167
35.14515278	-106.79516170
43.68151278	-93.36723778
31.32737167	-92.54855611
56.96048139	-133.90826940
40.13648833	-80.29020083
40.60688889	-95.86569444
67.10610472	-157.85362030
42.80513417	-72.00302194
42.71124583	-110.94216390
32.98763889	-97.31880556
40.35440139	-79.93016889
57.50355528	-134.58509390
33.22802111	-93.21696861
33.36995500	-81.96449611
43.06332694	-98.29618972
45.28114833	-92.37539222
33.94859528	-83.32634694
56.24684222	-134.64815390
41.24133333	-96.59402778
42.05325000	-102.80372220
40.10862139	-85.61299472
45.15419444	-89.11072222
33.64955556	-81.68447222
41.40726722	-95.04690639
46.54842250	-93.67680000
33.10706889	-88.19725167
39.36002778	-74.45608333
38.09603500	-92.54948750
56.31146250	-158.37323690
38.60654722	-87.72669417
33.89765389	-117.60244000
34.50081944	-83.55487000
55.90806056	-159.15857810
52.22034833	-174.20635030
35.20265944	-81.14986750
60.90481194	-161.22701890
56.93869083	-154.18255560
58.67680167	-156.64921750
40.17563333	-103.22202780
68.13432250	-151.74168000
41.03750000	-81.46693944
55.57923333	-133.07599720
32.51235611	-87.38555472
42.74811944	-73.80297861
27.74088889	-98.02694444
32.83994444	-105.99058330
38.89029083	-90.04604306
42.55708139	-92.40034361
37.43491667	-105.86655560
46.09456167	-118.28803670
32.91475167	-85.96295611
35.21937250	-101.70592720
31.53605556	-82.50655556
43.32214250	-84.68794917
38.85148778	-83.56627778
41.99206972	-93.62180139
33.58816667	-85.85811111
61.17432028	-149.99618560
34.49494444	-82.70902778
45.14500000	-93.21138889
61.58159694	-159.54304280
41.63969833	-85.08349333
62.64858333	-160.18988890
42.57922222	-99.99297222
37.15852194	-98.07964667
43.60343056	-113.33409720
40.70694444	-84.02666667
40.29637222	-78.32002306
39.57012833	-104.84929420
38.21319444	-122.28069440
26.15247222	-81.77544444
45.07806750	-83.56028583
35.06067778	-85.58531667
34.57528944	-117.18617920
55.55465750	-133.10169280
59.75700722	-161.87947890
70.20995278	-151.00556110
42.69591417	-73.17038306
60.96609583	-149.12578920
30.03775833	-91.88389611
42.22298361	-83.74560722
68.11608083	-145.57611140
36.12534667	-90.92461944
41.77192944	-88.47565917
43.99192222	-76.02173861
45.92792556	-89.73094278
30.34505500	-89.82078833
39.22316000	-106.86884500
36.17641056	-94.11925833
42.78176306	-71.51477944
36.29752583	-77.17085556
32.52050000	-94.30777778
33.56991111	-86.05085833
46.15797222	-123.87869440
41.27470000	-85.84005556
46.54852806	-90.91896639
33.10180500	-94.19532694
70.46727611	-157.43573610
33.64044444	-84.42694444
32.85252806	-104.46768640
44.25740806	-88.51947556
44.91398056	-97.15471944
44.32064972	-69.79731806
40.89413889	-97.99455556
62.68004417	-164.65992530
43.66499083	-92.93338500
38.95476944	-121.08208060
32.61635417	-85.43355944
30.19453278	-97.66987194
44.92847222	-89.62661111
36.68827778	-78.05447222
36.77317000	-98.66994611
35.43619444	-82.54180556
27.59114500	-81.52785333
41.33814944	-75.72426750
32.40939028	-111.21850860
33.40494444	-118.41586110
41.27610083	-91.67344389
70.63800000	-159.99475000
35.13505861	-90.23444639
48.16074833	-122.15902080
43.07791056	-94.27199278
45.86629833	-95.39466806
34.69878194	-99.33810000
40.49338889	-84.29894444
36.42240972	-105.28929670
31.24905556	-82.39530556
36.95994444	-113.01388890
31.88465639	-82.64738778
42.23487500	-85.55205750
43.42507111	-73.26205306
39.40324917	-119.25182920
43.08027611	-76.53837556
43.46411111	-70.47238889
45.08616639	-70.21617778
42.15773111	-72.71562028
39.26191861	-85.89634556
40.59904583	-116.87433580
43.78091667	-82.98566667
29.70450000	-98.04222222
45.33193250	-95.65056500
31.17816667	-99.32463889
34.62170861	-79.73435944
41.43645056	-99.64216861
37.20782361	-80.40832778
37.70637111	-112.14547250
44.25073861	-90.85528028
26.37848667	-80.10769667
61.41612444	-149.50888000
48.72741667	-94.61030556
37.58303472	-109.48328890
41.93887417	-72.68322833
35.13619528	-92.71349722
41.16348417	-73.12617861
45.43332500	-105.41721330
42.46995306	-71.28903000
42.12858333	-86.42850000
60.77977639	-161.83799750
41.80306778	-78.64012083
41.87402778	-103.59563890
47.52998917	-122.30195610
36.86330139	-99.61873056
35.43359806	-119.05676810
30.62646944	-88.06799861
38.84003306	-86.44536361
47.24902778	-91.41558333
35.70004194	-101.39405360
30.97152778	-84.63744444
35.17753417	-86.06616722
42.20848278	-75.97961361
61.53556806	-149.81389750
44.80744444	-68.82813889
44.44969444	-68.36150000
31.71383333	-82.39377778
46.34763639	-104.25944750
33.56294306	-86.75354972
41.16811889	-71.57784167
40.30127778	-96.75411111
63.99454722	-145.72164170
37.37309556	-118.36360890
45.80766250	-108.54286110
46.77411111	-100.74672220
42.74316667	-86.10502778
39.90878667	-105.11721580
47.50942417	-94.93372333
40.87480556	-81.88825000
32.71904694	-98.89099972
44.83733333	-117.80908330
41.51750000	-81.68333333
28.47359722	-82.45542139
37.78732833	-81.12416417
44.30483333	-96.81694444
37.29579944	-81.20769056
33.61916278	-114.71687640
48.79275000	-122.53752780
40.18691806	-74.12488694
38.54517861	-89.83518444
41.55239139	-112.06226250
39.14602139	-86.61668278
40.47798556	-88.91595278
44.57537278	-71.17593167
30.73894444	-98.23858333
30.07044111	-94.21553806
36.12447667	-86.67818222
57.08882583	-134.83314140
33.92307111	-116.85057560
33.25777778	-81.38833333
43.59212778	-118.95497890
42.04956944	-93.84757222
43.56444444	-116.22277780
42.07455556	-124.29009390
42.36434750	-71.00517917
27.94335750	-81.78344167
42.58506972	-110.11115310
36.36894194	-92.47052806
29.95083333	-94.02069444
31.25902778	-81.46630556
18.49486111	-67.12944444
46.39785806	-94.13722750
40.78322500	-91.12550556
25.90683333	-97.42586111
71.28544750	-156.76600190
37.81432167	-85.49963806
44.40966667	-69.01225000
70.13390278	-143.57704440
42.30727806	-85.25147972
45.95479528	-112.49746000
45.81522222	-97.74313889
40.77692611	-79.94972417
66.91528667	-151.52805560
44.47300361	-73.15031250
36.86105722	-116.78700360
41.77669444	-99.14975000
42.94052472	-78.73216667
38.28977028	-94.34012694
34.20061917	-118.35849690
36.04854333	-79.47488694
40.77248083	-80.39142556
65.98228611	-161.15197780
41.72857778	-98.05575972
36.76247611	-96.01115167
48.47088889	-122.42086110
35.72610500	-91.64736083
42.58417111	-70.91651833
32.99310000	-115.51693250
31.79362222	-98.95649528
36.96451667	-86.41967917
39.17540167	-76.66819833
46.24640083	-96.60568250
30.81368639	-89.86496444
33.04093056	-82.00397917
33.42088556	-112.68630000
64.07830278	-141.11337500
44.38108528	-106.72178970
42.54260361	-113.77154420
45.77690139	-111.15300720
41.24864500	-90.73708361
60.07730556	-147.99188890
41.42541667	-88.41869444
40.48820611	-89.67591083
42.03111083	-91.52934222
41.47750000	-87.84047222
42.74195250	-92.50793528
43.11424444	-89.53073222
40.48578389	-88.26727250
43.52589944	-89.98322194
43.56009250	-89.48309278
42.69056389	-88.30464000
41.37756167	-87.68137528
41.47271639	-85.26080833
41.36513333	-86.30050417
40.92970444	-90.63110722
31.29600472	-91.05288167
41.83369889	-89.44621333
41.01928583	-89.38642222
42.32268639	-88.83651833
36.16313889	-120.29381390
42.32461111	-88.07408806
37.82845250	-121.62582190
41.99293417	-86.12801250
44.27531333	-85.41892694
33.93884000	-81.11953944
40.49522139	-107.52164670
40.91631194	-81.44246556
36.44585972	-103.15465830
46.87150000	-68.01791667
42.74194389	-93.75890944
39.61541667	-78.76086361
41.25947222	-95.75997222
45.55854639	-93.26464361
39.42753083	-101.04657190
34.11154056	-117.68758970
33.31208333	-84.77027778
37.98965639	-122.05689720
43.07260861	-92.61077833
55.20559972	-162.72426280
37.70097028	-113.09857500
33.62279917	-92.76339528
39.97504417	-81.57759528
29.13774500	-83.04984361
34.28358333	-80.56486111
42.83755556	-103.09541670
60.49183389	-145.47765030
40.87522278	-74.28135667
41.78015722	-124.23653330
42.19826389	-72.53425833
40.61791667	-96.92488889
65.57380667	-144.78329080
34.67205556	-82.88644444
39.69803139	-85.13124528
30.77883333	-86.52211111
36.66458333	-88.37277722
37.30299778	-108.62806580
30.71569444	-96.33136111
39.97562861	-86.91986361
60.14922556	-164.28563250
32.95284306	-109.21034530
37.09404750	-95.57189417
55.47883139	-133.14780110
28.86727778	-82.57130556
38.53930556	-76.03036111
41.56512389	-81.48635389
37.22531694	-89.57075167
38.98058333	-76.92230556
41.85884389	-87.60791167
32.95488889	-111.76683330
35.03526833	-85.20378778
33.26908333	-111.81113890
35.09614694	-97.96618361
38.13863889	-78.45286111
65.48547222	-144.61078360
32.89864639	-80.04050583
39.78215278	-93.49568056
43.59635861	-91.50394639
39.79538278	-121.85842310
41.88458833	-91.71087222
47.82528056	-112.16621360
66.64969083	-143.73594920
42.04619444	-94.78900000
37.06447222	-89.21961111
46.25075194	-84.47238528
38.52670750	-77.85885528
61.86902194	-158.13711780
39.29663889	-80.22808333
47.83830556	-90.38313889
31.98883333	-83.77391667
33.71722222	-79.85697222
34.29971000	-90.51231611
47.84169417	-96.62162028
42.73147222	-95.55613889
60.54390333	-145.72670420
36.62188083	-87.41495361
64.07133833	-141.95227920
33.12723100	-117.27872700
41.41089417	-81.84939667
44.61381306	-88.73126667
35.53832778	-98.93269500
30.58858944	-96.36382417
48.12019444	-123.49969440
58.84230472	-158.54523310
46.67649194	-122.97929670
35.21401111	-80.94312583
27.97668639	-82.75874028
34.21375472	-119.09432640
39.99798528	-82.89188278
40.03925000	-88.27805556
47.16841722	-88.48906083
43.95834806	-90.73789750
41.01962389	-93.35968028
43.37043194	-72.36867667
39.54925139	-97.65231667
32.33747222	-104.26327780
33.97469444	-117.63661110
41.07747222	-102.46405560
37.66879722	-95.48506444
31.63783139	-97.07413889
38.75495611	-109.75484390
44.52019417	-109.02379610
47.77429167	-116.81962310
28.34158944	-80.68549750
31.84113889	-99.40361111
43.20273278	-71.50228556
46.70016833	-92.50552861
38.80580556	-104.70025000
28.45825583	-99.22016389
38.81809306	-92.21962917
34.27287278	-78.71499278
36.66561833	-76.32066389
33.89001611	-118.24368310
42.90835556	-106.46446610
38.57072444	-90.15622111
18.31328917	-65.30432444
40.48408333	-84.56011111
35.72381556	-96.82027306
41.68840028	-69.98952417
65.83049389	-144.07581280
33.81175000	-78.72394444
30.33633333	-81.51444444
36.10245111	-119.59484690
27.77036083	-97.50121528
33.12822222	-117.28022220
32.02748861	-96.39803611
33.17833278	-91.88018806
38.37315083	-81.59318972
34.91496778	-88.60348361
40.30658333	-100.16208330
32.51633333	-84.93886111
35.33983917	-99.20049944
41.02146139	-94.36331917
35.95129194	-85.08497806
48.60835444	-112.37614640
33.63102778	-85.15202778
40.56909444	-90.07484000
29.63552778	-83.10475000
34.97561194	-78.36461528
33.97047222	-80.99525000
35.94992500	-96.77305278
38.08947917	-88.12306111
43.73331611	-103.61769470
39.04614278	-84.66217250
36.26487139	-91.56264111
34.42513889	-103.07927780
44.49719361	-123.28982970
45.30477778	-85.27477778
44.77761917	-89.66677944
30.21059167	-93.14318944
41.83111250	-90.32913056
32.19505556	-81.86955556
61.58285917	-144.42709690
36.78833556	-78.50155361
67.25163417	-150.20656720
32.66950333	-115.51332810
30.35183333	-95.41446750
39.19222972	-119.73436110
31.21291667	-84.23680556
40.21713889	-76.85147222
39.51600611	-82.98215361
41.15572250	-104.81183810
39.38713889	-97.15721417
40.86911111	-100.00422220
42.07853583	-76.09633306
34.45678278	-84.93949944
62.07118972	-142.04837420
28.52225111	-99.82363444
46.18699111	-103.42808060
47.65594444	-101.43722220
45.03609417	-102.01988030
48.83039167	-100.41713610
43.62080278	-96.21864028
42.66010111	-78.99115556
46.12197222	-89.88233333
42.90718611	-77.32162639
44.23107000	-94.99893444
48.92851556	-103.29725140
48.75301778	-98.39333694
46.81278306	-101.86015560
48.38053250	-102.89798530
33.78149889	-83.69355389
42.92228111	-78.61224889
45.42556528	-84.91338389
43.06703333	-83.27244444
42.79699083	-82.97526583
29.17991667	-81.05805556
34.85371333	-116.78668750
32.84711389	-96.85177222
36.57286111	-79.33611111
43.28406194	-70.92925472
39.90237583	-84.21937500
32.56445806	-82.98525556
42.40295944	-90.70916722
38.85208333	-77.03772222
66.94333806	-156.90467390
34.65264667	-86.94536778
38.70042333	-87.12973222
37.76312194	-99.96542389
42.89133250	-73.24640750
39.83456250	-88.86568917
29.06698056	-81.28394167
66.06820583	-162.76660280
43.27550139	-91.73937389
39.85840806	-104.66700190
34.04699556	-94.39936556
42.40919444	-83.00986111
47.96663889	-117.42666670
41.33750000	-84.42880556
32.89595056	-97.03720000
42.79725000	-105.38573610
31.32133917	-85.44962889
36.02258500	-102.54727750
46.79738889	-102.80195280
41.93188111	-88.70829861
42.49333528	-79.27204167
35.96383361	-83.87365389
59.04541250	-158.50333890
46.84209028	-92.19364861
43.52195389	-89.77090222
45.25536056	-112.55250670
35.74558056	-119.23650390
45.61854556	-121.16734390
40.27970139	-83.11480167
65.75861111	-168.95305560
32.26230917	-107.72063970
38.70688889	-93.17611111
39.60827778	-77.00766667
33.46663667	-82.03933917
34.72174833	-84.86910806
41.98643250	-95.38072083
40.19946861	-87.59553528
39.13011250	-75.46631028
41.90688333	-88.24841722
35.00006444	-77.98169500
31.47780833	-82.85961556
30.83152778	-93.33963889
37.15151667	-107.75376920
29.37181222	-100.92323390
41.53493306	-93.66068222
42.57089972	-77.71305083
39.38328861	-112.50966830
46.82520861	-95.88568750
32.54021889	-93.74502250
33.20072167	-97.19797722
30.40006111	-86.47147722
42.21205889	-83.34883583
33.94226500	-96.39451806
34.47087500	-97.95986111
31.46902778	-109.60366670
41.17826611	-78.89869778
53.90013889	-166.54350000
35.85792833	-102.01309780
59.95950583	-162.88172310
37.57791667	-84.76969444
48.11424528	-98.90877833
41.61027750	-90.58832528
38.14351944	-122.55721670
33.68831667	-112.08256140
30.06186111	-95.55277778
38.55450000	-82.73800000
36.77747000	-89.94117333
41.37153528	-73.48219056
44.98624000	-96.17773611
33.06344444	-80.27933333
40.33305028	-75.12233833
35.99850694	-89.40608333
46.72186083	-92.04343889
31.58246583	-102.90904280
32.45679139	-103.24047080
32.66106083	-107.19793390
32.95394444	-103.40877780
33.26122278	-103.27689390
32.33111111	-102.52952780
33.11022222	-98.55527861
36.23372611	-101.43218940
33.81255056	-109.98676580
33.96891833	-112.79851280
32.13107833	-103.15485060
31.51567306	-106.14719780
30.38422222	-103.68358330
36.22100000	-101.19450000
34.59585278	-113.17019500
35.23199833	-102.39909310
32.80700583	-111.58679000
32.95810083	-112.67821810
34.64519778	-106.83369580
35.36671583	-104.18803140
36.11088056	-109.57542220
33.35283972	-108.86728580
31.99972222	-110.35722220
64.77639306	-141.15092060
42.05552528	-104.93274920
40.72702778	-99.00677778
47.39886111	-120.20683330
44.86525722	-91.48507194
42.43663889	-93.86886111
36.26057417	-76.17459778
43.88545056	-104.31791780
36.02773500	-76.56709333
31.29972222	-85.89986111
34.76619444	-114.62329310
60.21590417	-162.00560920
42.89839944	-72.27078111
40.04886222	-107.88590670
33.17781083	-86.78323722
44.73420750	-103.86199250
29.60733333	-95.15875000
44.88879722	-72.22915833
42.61493972	-89.59075583
42.01016667	-94.34258333
39.64256778	-106.91769530
43.10202056	-94.70467500
37.32441028	-97.38732333
45.93179639	-89.26906778
37.00188194	-101.88212580
35.25555556	-81.60099722
37.80784250	-87.68569000
58.18837472	-157.38098720
36.53531083	-89.59971722
40.80338889	-124.11279170
41.71935833	-86.00168361
38.88944444	-79.85713889
40.82492611	-115.79169640
36.85527778	-84.85613889
37.68694444	-85.92377778
33.31288444	-86.92591889
29.60301389	-96.32248444
33.22086250	-92.81325167
64.61400972	-162.27006810
35.42941083	-99.39425917
42.15991361	-76.89144333
47.03302778	-120.53069440
47.82454639	-91.83073056
31.80666667	-106.37780560
58.19518417	-136.34739280
39.29969444	-114.84188890
42.10951194	-77.99194806
41.82494611	-110.55905860
38.33211111	-96.19116667
34.08600889	-118.03484530
36.68691667	-77.48280556
60.57200000	-151.24752780
38.51479889	-89.09217944
62.78518639	-164.49104610
64.54898167	-149.07350530
40.71869528	-114.03089000
42.59570750	-87.92780333
40.45990778	-91.42850111
36.81080556	-94.39169444
47.30758333	-119.51588890
44.91011111	-67.01269444
37.77410833	-96.81762778
35.01884306	-80.62023444
42.08202139	-80.17621556
29.97673500	-99.08567972
46.31118694	-85.45731639
45.72266972	-87.09373139
31.39490250	-92.29577194
38.80416667	-76.06900000
43.40744444	-94.74641667
43.42219444	-88.12792667
35.93710083	-77.54663833
45.78046056	-96.54353972
32.41349167	-98.80975667
31.95131917	-85.12892500
44.12326000	-123.21868560
43.64186111	-116.63577780
29.05580556	-80.94836111
47.42507778	-92.49846944
40.35260167	-94.91552722
38.03799139	-87.53062667
41.27494528	-111.03212860
39.52038889	-75.72044444
41.67614167	-70.95694167
38.05710528	-97.27522861
35.07297222	-77.04294444
40.69249722	-74.16866056
60.93865417	-164.64121470
58.42049861	-135.44903280
35.78114028	-80.30378194
39.83070944	-86.29438056
24.55611111	-81.75955556
41.20520361	-89.96386000
32.21425000	-83.12802778
39.72755972	-94.27637500
33.61172222	-96.17938889
34.27708306	-99.75926861
34.22566806	-99.28375000
34.84561083	-100.19594810
35.29593194	-95.62526417
35.40687972	-96.01583278
32.14172222	-94.85172222
31.83158333	-94.15641667
32.35376389	-97.43375000
34.73958944	-100.52970080
36.38559583	-97.27721083
32.64601000	-93.29808556
35.47163639	-98.00599444
35.48808250	-97.82354556
34.52453278	-96.98973944
33.99287639	-96.64249722
34.24925806	-97.47391306
35.30421917	-98.96702167
27.51364889	-81.88063917
33.71411111	-96.67366667
32.32969444	-96.66388889
32.16384778	-95.82835306
26.84537306	-80.22148111
32.93059444	-96.43548556
33.48481000	-101.66071580
32.93884556	-95.27886083
33.21530583	-95.23749250
32.44441583	-97.81694750
32.91019472	-99.73422972
33.57605556	-117.12797220
34.39833889	-96.14805972
35.42925306	-96.28778361
35.28910556	-95.09389722
33.72926389	-102.73381830
32.72495583	-92.33716583
32.20199028	-92.73293028
32.15431917	-91.70012472
35.54482944	-98.66849028
35.08587500	-96.41666667
64.81367750	-147.85966940
37.76107917	-90.42859722
14.21577583	-169.42390580
46.91934889	-96.81498889
36.77619444	-119.71813890
34.99147222	-78.88000000
44.32468556	-93.31082889
41.39193583	-110.40679610
40.18297222	-97.16927778
48.31140472	-114.25506940
36.73236500	-119.81989610
37.40653750	-77.52498667
44.82724111	-93.45714639
34.94199806	-90.77496611
39.41758333	-77.37430556
34.35219472	-98.98460222
34.31547222	-81.10880556
41.01352778	-83.66869444
42.24626722	-89.58223944
41.44913889	-96.52019444
36.01822278	-75.67128694
33.35725000	-84.57183333
41.05332417	-91.97892333
46.28439389	-96.15668556
38.18248861	-84.90470083
33.46083333	-111.72833330
38.54180556	-83.74338889
48.52197222	-123.02436110
31.58847222	-110.34438890
41.04861306	-78.41310306
42.55412194	-71.75895639
41.37787361	-79.86036167
36.69817806	-76.90312694
40.27343083	-86.56217028
43.77117417	-88.48842917
35.13845472	-111.67121830
26.07258333	-80.15275000
34.18536111	-79.72388889
36.29087528	-92.59023417
62.45264889	-157.98907000
39.49954500	-118.74901970
39.08538667	-76.75941444
36.74125000	-108.22994440
26.58661111	-81.86325000
40.58569444	-97.57305556
40.07878611	-95.59199167
40.45182722	-105.01133560
58.25438583	-134.89790670
42.96550333	-83.74345639
38.66494528	-88.45299556
42.55145611	-94.19255111
38.95095194	-95.66361444
40.84365472	-72.63178917
40.55393583	-124.13265890
27.49505556	-80.36827778
35.42822222	-81.93507778
40.72878111	-73.41340722
38.50622139	-86.63693528
43.64394111	-94.41561556
38.91753250	-78.25351472
43.58135111	-96.74170028
47.59282028	-95.77349889
37.79843056	-94.76938111
35.33659028	-94.36744111
44.94028083	-73.09746000
30.91566667	-102.91613890
34.48339944	-104.21719670
40.65926250	-91.32681750
39.78525000	-104.54313890
38.83987472	-92.00421056
32.81977778	-97.36244444
33.77913889	-84.52136111
33.87201417	-117.97978420
47.28550417	-68.31275000
37.35752861	-78.43779806
40.97846583	-85.19514639
38.37863306	-88.41265222
41.20020667	-74.62305056
32.56522778	-97.30807778
26.19728000	-80.17070833
43.23473417	-93.62410250
35.20592000	-89.39441667
35.05836278	-86.56441139
66.57149028	-145.25041690
36.00509472	-94.17005694
31.68368667	-83.27046056
41.19083111	-83.39453639
43.35077528	-76.38805361
38.92409111	-117.95900720
33.97262528	-86.08900139
48.40469444	-97.37094444
36.29553889	-99.77642361
39.16833611	-77.16600000
64.73617806	-156.93741640
63.76676556	-171.73282360
38.83410833	-82.16342306
38.34441861	-98.85917028
40.93800194	-90.43112556
68.47906306	-149.49002140
42.18421417	-73.40324056
44.34889806	-105.53936140
37.92751556	-100.72441470
36.29441667	-95.47966667
35.95235389	-112.14696470
41.68776417	-94.43524611
36.19299083	-82.81507028
42.54986639	-72.01602194
47.13871861	-104.80719940
43.97063278	-84.47503861
37.23240111	-82.12499083
38.68919444	-75.35888889
47.61985556	-117.53384250
38.88195778	-83.88273278
33.52726278	-112.29515640
44.51644444	-108.08319440
39.58316583	-85.80481000
47.94925500	-97.17611111
43.34121000	-73.61030750
41.32702778	-94.44572222
33.31169444	-79.31958333
40.86952778	-101.73286110
32.38486111	-94.71171000
41.70916083	-92.73491278
40.71126139	-86.37449917
48.21246417	-106.61482310
35.83742722	-87.44537500
45.64389167	-95.32043056
28.06291667	-81.75330556
39.12241250	-108.52673470
41.62652667	-80.21472750
62.15488889	-145.45663890
35.85775889	-83.52870472
32.66241528	-97.09391139
39.37062194	-101.69899190
33.65136111	-97.19702778
33.48288111	-90.98561389
45.01354806	-84.70318944
29.26532333	-94.86040667
37.03205556	-85.95261111
38.35657306	-93.68417694
36.60527056	-94.73856667
34.84794444	-82.35000000
40.08970806	-105.91723670
33.83253000	-89.79822806
42.91716639	-114.76515750
35.16531472	-107.90061420
59.11727556	-161.58139670
29.69005556	-82.27177778
35.84980556	-97.41560833
41.33005778	-72.04513556
39.33046528	-94.30997361
32.69858333	-97.04652778
30.40728028	-89.07009278
47.21110333	-93.50984472
40.75338889	-82.72380556
44.48507333	-88.12959000
34.24872222	-82.15908333
38.83615778	-89.37841111
40.96747222	-98.30861111
31.06489778	-97.82779778
42.80597222	-102.17525000
14.17430750	-145.24253530
42.88081972	-85.52276778
41.52716028	-85.79210278
15.11900139	-145.72935610
36.09774694	-79.93729750
34.89566722	-82.21885833
58.42438139	-135.70738140
47.48200194	-111.37068530
33.45033444	-88.59136861
30.67880889	-97.67938389
38.53396333	-106.93318170
13.48345000	-144.79598250
35.51105833	-108.78930940
36.68507194	-101.50778170
34.27290389	-83.82681333
43.03172639	-78.16759972
33.06783889	-96.06533250
33.49432667	-90.08470500
46.21872222	-97.64325000
35.46055444	-77.96493306
40.43561833	-104.63211560
34.75831917	-82.37641500
33.42281972	-112.37599190
41.61627306	-87.41278806
31.41580111	-87.04404333
35.15371972	-87.05681444
36.63301806	-95.15136111
34.91954278	-95.39469722
39.36993361	-91.21925556
37.97468528	-92.69161528
42.84381889	-75.56140194
35.47069417	-93.42715500
39.15751389	-91.81826667
35.27467806	-96.67516194
36.72092222	-95.62525583
36.22539389	-95.33006333
38.36062611	-92.57157139
37.60582500	-90.28731389
36.43340222	-96.38362861
38.00675111	-88.93441528
36.38338556	-96.81031250
34.11757222	-87.99819583
39.72448944	-91.44367944
37.51382944	-122.50108920
41.95975000	-85.59338889
39.36448861	-84.52457722
65.20098944	-161.15677920
48.76838333	-101.53699530
31.26506556	-89.25303250
34.99130750	-99.05135250
27.34955556	-98.73697222
35.51169389	-92.01300944
44.85890667	-94.38178917
48.75273139	-96.94300306
30.52096889	-90.41762056
40.45269444	-99.33733333
21.57947361	-158.19728140
35.22007306	-84.83244333
40.48118028	-107.21765970
29.35952778	-99.17666667
34.57648972	-90.67588639
38.72141667	-77.51544444
46.01494444	-102.65597220
40.56943056	-102.27268750
31.61366111	-91.29733639
41.73626861	-72.65021389
39.62841667	-86.08788889
39.70794444	-77.72950000
35.89530778	-100.40363970
40.85299000	-85.45941917
32.22438400	-80.69762900
33.92283972	-118.33518720
34.03482556	-95.54190611
22.20919000	-159.44553390
47.38659917	-92.83899333
44.36761639	-71.54447111
39.07334639	-93.67716083
34.56816056	-114.35617830
45.54039389	-122.94982580
40.15225000	-97.58697222
36.31852194	-119.62886750
35.94040667	-89.83080583
32.33477250	-90.22253167
35.74114639	-81.38954889
39.37883611	-99.83149444
40.17500000	-80.64627778
46.60681806	-111.98275030
36.76611472	-80.82356556
33.73398167	-117.02252580
40.08536861	-78.51221778
38.24902583	-86.95371833
58.09609139	-135.40969750
21.31869111	-157.92240720
20.79563722	-156.01443780
41.58438889	-95.33963889
59.24522806	-135.52210860
36.36156111	-78.52916639
32.68752778	-103.21702780
39.18875944	-83.53880694
31.05591667	-82.77413889
59.64555556	-151.47658330
44.38520056	-98.22854250
34.47803389	-93.09620833
29.64541861	-95.27888889
61.52418306	-166.14677970
41.06695778	-73.70757444
42.72372361	-93.22634056
37.16308056	-101.37052670
46.97120167	-123.93655810
33.52972639	-82.51678556
32.74696278	-96.53041722
45.82822222	-119.25916670
26.22850611	-97.65439389
36.26152056	-93.15472889
63.86620806	-148.96898420
38.68322389	-96.80800639
34.85761639	-102.32720170
30.36780778	-89.45461083
37.81150000	-88.54913889
35.23278750	-75.61779500
40.60525000	-98.42788889
65.70055556	-156.38750000
37.95144444	-79.83389444
43.36824528	-103.38813780
34.64044750	-86.77310944
38.54436583	-118.63430030
44.35980556	-84.67111111
40.95957778	-72.25185056
38.36666667	-82.55802778
39.45146361	-87.30756111
46.12308333	-67.79205556
29.56650000	-90.66041667
66.04112167	-154.26319030
38.06548306	-97.86063361
36.85658333	-87.45725000
38.41803722	-110.70403780
41.26389889	-72.88710000
48.54298500	-109.76234190
34.40308333	-80.11922222
37.65926528	-122.12240830
58.12744139	-134.75595310
26.00142417	-80.24052056
46.45412250	-109.85490610
40.81676528	-72.86204722
32.22436111	-80.69747222
43.34927806	-88.39112528
41.66933639	-70.28035583
55.20631611	-132.82831310
29.89361111	-97.86469444
55.48158833	-132.64609420
46.02585722	-91.44424278
38.84494167	-99.27403361
33.82850000	-79.12216667
36.08930722	-88.46329778
47.28986111	-101.58094440
40.98677778	-75.99488889
30.71832333	-91.47866972
41.77797528	-80.69551333
37.54083333	-87.95183333
40.24127944	-84.15101167
37.60044444	-81.55927778
38.92977778	-81.81947222
39.69172639	-83.99023806
40.16885083	-84.92585333
39.57040167	-83.42052444
37.41678056	-81.52899417
38.13341472	-83.53796528
39.32691111	-85.52252694
36.85981028	-83.36101639
37.63152778	-84.33244444
40.30918056	-81.85338194
38.58338806	-86.46248778
38.98135194	-82.57785667
37.85008167	-83.84575194
39.16693333	-82.92817500
39.98750000	-90.80416667
39.50286111	-83.86305556
39.25894444	-84.77430556
39.46217306	-84.25184722
39.07839722	-84.21020722
40.12928306	-83.75487750
41.05221889	-93.68966222
40.78631889	-86.14638306
40.22469444	-83.35161111
38.60200167	-86.13997889
39.69159667	-82.19778583
40.92372222	-88.62550000
37.78505944	-86.44192194
40.61072000	-83.64359694
38.94453194	-77.45580972
43.10725861	-78.94538139
29.98047222	-95.33972222
66.97937611	-160.43585970
41.18805556	-103.67738890
40.72178361	-95.02642667
37.64995889	-97.43304583
43.51455556	-112.07016670
40.63222222	-79.10552778
33.48574611	-90.67887611
37.15837222	-95.77838333
60.77721250	-148.72157750
43.02257694	-102.51107280
31.73572000	-93.09913639
42.47078639	-93.26995361
35.15738889	-114.55952780
59.32373528	-155.90327330
35.25947222	-113.93805560
41.53988889	-87.53216667
60.47032722	-164.68564140
42.45359833	-91.94761833
59.93295111	-164.03051310
33.77987528	-82.81661639
41.74404028	-72.18023583
39.77429694	-90.23856583
41.07140417	-87.84626861
41.69128556	-93.56630333
31.08583333	-97.68650000
39.67872222	-75.60652778
59.75380028	-154.91095970
34.27061111	-77.90255556
40.50930556	-101.62052780
26.43316667	-81.40102778
38.75888889	-85.46552778
45.81835417	-88.11454250
39.76587639	-86.14887500
39.71732917	-86.29438417
31.77962833	-103.20136190
48.56618722	-93.40306667
36.13372222	-80.22200000
35.02191667	-110.72252780
38.05813889	-83.97958333
41.63924389	-91.54650333
35.48332889	-81.16125833
32.83422028	-115.57874560
41.24183583	-76.92109556
40.09364444	-92.54496917
41.81287250	-85.43906111
28.28980556	-81.43708333
48.17793861	-103.64234670
35.32807944	-77.61552611
40.79524250	-73.10021194
45.97464056	-86.17183056
44.36033833	-89.83897056
39.24669444	-84.38897222
42.49102778	-76.45844444
19.72026306	-155.04847030
39.24250000	-102.28538890
33.30783333	-111.65547220
46.52747472	-90.13139667
40.76195972	-85.79873417
43.96141667	-69.71255556
65.62394028	-168.09917190
29.81819444	-95.67261111
38.83090472	-94.89030333
35.65884306	-117.82951220
61.57196083	-149.54055560
34.60682028	-120.07556170
43.99114472	-70.94787444
43.60732417	-110.73773890
32.31116667	-90.07588889
30.89058333	-94.03483333
36.33457556	-84.16234472
30.49405556	-81.68786111
35.83186111	-90.64616667
30.51126000	-99.76345528
47.33333417	-106.93395640
38.59117917	-92.15614389
42.72663639	-114.45715060
31.55408333	-81.88344444
40.63975111	-73.77892556
33.90199528	-87.31416639
20.96293639	-156.67303170
42.15336861	-79.25803500
30.28951667	-87.67371472
46.83919194	-96.66313028
37.59386111	-83.31725000
37.15181361	-94.49826833
45.88609722	-93.27177833
46.92971944	-98.67819528
58.35496194	-134.57627640
35.54094139	-78.39032944
41.51805833	-88.17525583
35.38520694	-80.70971389
40.75454583	-74.00708389
40.70121361	-74.00902833
21.30735389	-158.07030170
31.86933667	-95.21739028
40.31611111	-78.83394444
42.61958222	-89.04034028
38.36562278	-85.73829639
35.86469444	-98.42075000
36.18236194	-86.88672278
42.25978556	-84.45940361
43.98631833	-94.55793722
32.64544861	-81.59649722
41.92126083	-84.58576250
39.07797222	-77.55750000
40.89675000	-97.62277778
32.70086111	-80.00291667
34.45147972	-84.45659278
59.72664194	-157.25947220
40.38750167	-95.78916167
37.86866667	-89.86213889
39.97338139	-90.40373556
43.45340222	-74.51765083
38.11045000	-92.68054583
37.38783833	-83.26205889
37.75102778	-82.63669444
37.00888889	-85.10277778
64.89788278	-163.70344720
37.61523333	-91.60444167
38.80708333	-94.95602778
38.37594333	-90.97073944
41.41805139	-96.11362750
65.24089806	-166.33600670
40.44583139	-95.36275806
39.57052472	-95.18033139
39.47115222	-98.12878389
38.70423611	-84.39160417
37.15978667	-95.04246222
38.27918833	-95.21691833
38.90405583	-97.23585389
38.53751389	-94.92524194
39.76112278	-98.79343639
39.90416667	-95.77943250
37.87008333	-95.38638889
39.72870694	-92.46445500
39.78086528	-88.30616000
56.97299639	-133.94561470
64.32571917	-158.74414750
56.00324444	-132.84196890
56.31116306	-158.53592640
59.35214833	-151.92515580
59.35399444	-157.47440920
54.84744583	-163.41032220
62.89456056	-160.06490420
55.89753333	-159.48866890
36.22802139	-121.12186140
64.93404056	-161.15814500
58.19094611	-152.37048750
61.53627389	-160.34133060
59.11816472	-156.86521690
46.11800000	-122.89838890
37.01110583	-112.53119360
59.44955333	-157.32719080
19.73876583	-156.04563140
56.35185972	-133.62258640
54.45912028	-162.69364060
54.13246694	-165.78531110
62.06048639	-163.30211080
55.68796194	-132.53667580
55.35556861	-131.71374000
65.33136111	-166.46316670
55.11634750	-162.26622720
67.73125333	-164.55180190
60.80425194	-161.44535000
55.53741389	-132.39751440
57.56706389	-154.45037140
64.87714278	-157.71583580
32.84032361	-115.26748060
35.72828472	-118.41980690
36.46383694	-116.88144250
33.25902778	-116.32097220
34.08526167	-117.14637890
35.97636444	-115.13277080
35.14107806	-119.44122940
33.35419806	-117.25086860
35.61967889	-119.35372420
34.37722333	-117.31587830
30.44505417	-89.98887889
34.26361944	-116.85447500
30.17135306	-90.94039583
31.16819444	-93.34245833
30.75016667	-92.68847222
35.32483333	-118.99583330
29.44482222	-90.26111667
35.10136472	-120.62211530
34.12934361	-117.40163030
34.50415889	-118.31285610
35.15125306	-118.01666670
35.81245333	-117.32727830
30.13138889	-93.37611111
29.74779194	-90.83289889
35.62357083	-119.68623830
37.36246083	-115.19446220
38.06969444	-102.68850000
40.41231694	-86.93689889
27.98891667	-82.01855556
35.87980194	-106.26941530
42.77870000	-84.58735806
41.31205000	-105.67498640
36.08036111	-115.15233330
34.56771444	-98.41663667
33.94253611	-118.40807440
33.66363889	-101.82277780
40.27594000	-79.40479722
41.12621194	-100.68365420
37.04420944	-100.95986110
37.64718056	-92.65375778
34.60991667	-79.05944444
29.10863889	-95.46208056
42.24188889	-96.98141667
30.12609750	-93.22340361
43.57272806	-71.41890028
39.81375917	-82.92786472
30.18205556	-82.57686111
40.61744722	-74.24459417
43.96253278	-86.40791528
43.62637222	-72.30426722
28.82274417	-81.80900722
45.91869722	-102.10617780
44.04847278	-70.28350750
38.03697222	-84.60538889
31.23401389	-94.75000000
30.20527972	-91.98765500
40.77724306	-73.87260917
33.81772222	-118.15161110
33.00884694	-85.07260556
45.29020944	-118.00711080
41.78773083	-111.85268220
61.18000361	-149.97193220
38.90916111	-121.35133610
39.75564722	-82.65711000
41.13618028	-77.42053556
38.05134111	-103.51069080
36.02334528	-78.33027139
39.27276500	-103.66633920
21.97598306	-159.33895810
34.72939611	-92.22424556
45.09712889	-94.50726833
44.26447361	-73.96186639
34.72291667	-80.85458333
38.00983333	-77.97013889
42.16111111	-120.39907030
44.52297806	-114.21756420
33.63855250	-91.75101833
37.48949250	-94.31150444
33.14620944	-89.06247917
42.15614361	-121.73320810
26.59300000	-80.08505556
32.57919111	-96.71905111
42.81523611	-108.72983920
40.85097222	-96.75925000
46.15387722	-89.21194417
41.68391667	-81.39030556
36.98743194	-82.53017361
40.12171528	-76.29609778
20.78561111	-156.95141810
40.06640500	-118.56516640
41.60844444	-88.09094444
38.22800000	-85.66372222
37.08727778	-84.07677778
34.66561028	-120.46678830
41.34427778	-82.17763889
34.80997222	-82.70288889
38.20809667	-99.08607306
27.54373861	-99.46154361
45.36216083	-68.53474694
42.77801778	-96.19368944
32.28941667	-106.92197220
32.33278083	-108.69097420
43.87937972	-91.25653778
42.75380806	-104.40455360
37.06290556	-120.86925110
35.50697500	-86.80388611
39.10334417	-84.41861417
31.67255139	-89.17222417
21.21104028	-156.97359720
29.52130556	-95.24216667
37.69339944	-121.82035190
45.69938889	-110.44830560
44.62785361	-93.22810806
35.65422222	-105.14238890
37.85830556	-80.39947222
39.01115222	-95.21657694
40.63333306	-93.90217028
41.11853306	-114.92226610
42.71720944	-71.12343000
46.37449806	-117.01539440
47.04913944	-109.46660060
38.76429639	-87.60549556
45.94943778	-94.34708472
40.79100000	-99.77727778
38.95975000	-94.37158333
39.22026750	-106.31669060
31.63983472	-96.51472222
37.32668528	-79.20043056
38.34261472	-98.22709639
33.97807611	-83.96237722
35.20069278	-90.05397694
36.12931722	-87.43007056
35.08080778	-92.42496167
35.58336500	-89.58722167
36.17506917	-89.67508000
35.21445944	-89.04336222
37.12671694	-90.71289750
31.90293639	-90.36870222
30.78602056	-89.50450694
35.59590306	-87.87669361
32.30334111	-90.40848333
37.59693194	-93.34765000
33.72008889	-93.65884556
35.63771778	-91.17637556
37.22561111	-87.15752778
34.44953972	-87.71030833
32.31181111	-89.13589194
30.84324389	-89.15977333
36.76911111	-88.58472222
34.87509944	-94.10993056
35.38507528	-87.96752833
37.18588722	-88.75061000
33.34597750	-91.31569833
36.37684472	-86.40875861
37.00950028	-88.29586639
34.88000194	-91.17643750
33.77639167	-90.52500833
34.54539444	-94.20265278
33.87374861	-88.48967833
34.80434611	-89.52110750
31.59544583	-89.90619056
33.89177944	-89.02367194
45.85285000	-106.70927220
37.33009167	-91.97316944
35.65131944	-88.37893444
35.80218000	-88.87494944
36.19041667	-86.31569444
36.90621528	-94.01275833
31.31739944	-88.93504778
35.27175278	-91.27040417
35.23160167	-90.76155111
36.24551111	-90.95520444
34.54722222	-89.02416667
34.41232833	-91.46634722
48.36694167	-107.91934440
30.48748472	-89.65119306
33.99673833	-93.83813583
34.33331583	-92.76149944
32.48633611	-91.77087528
34.85645028	-86.55621472
33.58403556	-88.66668694
34.09984639	-93.06611694
36.53726194	-86.92068917
33.71221972	-87.81504639
34.69232306	-90.35065389
34.55656472	-92.60693972
32.82213889	-83.56202778
36.98571750	-120.11198440
31.94252778	-102.20191390
30.83780556	-85.18188889
44.85365722	-74.32894972
34.18116667	-79.33472222
36.60055694	-89.99220278
18.25569444	-67.14847222
45.54650361	-100.40791920
44.27319722	-86.24900250
32.43866444	-90.10309222
43.53291472	-84.07964722
35.87748444	-86.37753222
39.46392583	-92.42759778
31.17845444	-90.47187528
45.86493444	-84.63734444
37.28472861	-120.51388580
62.95287361	-155.60576250
39.29760528	-94.71390556
40.20638889	-100.59180560
32.69284944	-83.64921083
28.42888889	-81.31602778
43.15779250	-93.33126056
40.70881639	-86.76676139
35.86219306	-77.17820278
32.03652444	-102.10102780
36.48475778	-99.19415778
37.77809583	-89.25203111
63.10577694	-154.71898060
44.01597222	-97.08593333
40.19349528	-76.76340361
41.78598250	-87.75242444
45.10097556	-90.30341000
34.79193917	-79.36584778
32.33313333	-88.75120556
37.27938889	-100.35630560
35.04241667	-89.97666667
37.38048056	-120.56818890
39.00030889	-119.75080640
42.17829500	-95.79364528
40.82141667	-82.51663889
26.17583333	-98.23861111
44.63687972	-90.18932667
42.37422778	-122.87349780
37.64688889	-75.76105556
41.70331694	-86.82124167
41.50998278	-74.26465056
32.30064417	-86.39397611
31.08490917	-83.80325528
39.64290750	-79.91631417
39.58897222	-84.22486111
43.77483333	-98.03861111
39.14096722	-96.67083278
39.09575472	-93.20287889
63.88056500	-152.30067560
32.37388889	-82.07919444
38.55389694	-121.29759080
42.93451639	-71.43705583
35.05936472	-118.15185610
25.79325000	-80.29055556
48.41576900	-101.35803900
45.06198611	-93.35393750
40.24234806	-85.39586000
36.90922083	-94.88750028
35.50592944	-119.19152360
39.36780556	-75.07222222
42.11272639	-92.91778778
43.65004111	-94.98654611
39.92749806	-74.29237917
44.52524444	-98.95811444
39.12324111	-94.59273500
42.94722222	-87.89658333
43.16948806	-86.23822306
36.89485250	-81.34995500
21.15288583	-157.09625610
35.59987944	-88.91561611
35.65773028	-95.36164889
44.22164528	-93.91874333
31.09466000	-92.06906861
25.99502778	-81.67252778
28.10275000	-80.64580556
34.88240194	-95.78346278
41.19600000	-96.11227778
38.42663250	-113.01245640
41.44852639	-90.50753917
33.15419444	-83.24061111
61.86592250	-162.06904560
46.42795972	-105.88623970
45.64783611	-68.68556194
32.51086556	-92.03768778
64.99756472	-150.64412970
37.62404861	-118.83777220
35.39730333	-84.56256861
41.50871472	-72.82947833
44.45006611	-95.82234028
40.79935000	-74.41487472
45.19444444	-123.13594440
36.99282694	-91.71445611
33.58711111	-80.20866667
45.12665028	-87.63844056
40.61625000	-83.06347222
35.54537222	-84.38023500
31.66592639	-98.14863750
38.59163472	-90.99761444
38.61102222	-94.34213056
30.69141667	-88.24283333
37.62581722	-120.95442140
43.62166833	-84.73748500
36.17939639	-83.37544944
48.25937778	-101.28033390
62.09536222	-163.68205940
45.56651667	-95.96763611
32.79957750	-89.12589472
35.13886306	-92.90919694
41.13747750	-75.37887833
38.35243722	-97.69133028
44.20350500	-72.56232944
40.94661389	-91.51107500
40.52034556	-90.65246389
35.91898806	-75.69553944
39.84348556	-85.89706389
46.35363900	-87.39536100
32.09577778	-82.88002778
36.00897944	-86.52007667
39.40193278	-77.98458139
35.55413889	-87.17891667
30.37147222	-104.01669440
34.73355028	-76.66059611
61.21437861	-149.84616140
42.88532917	-90.23198583
35.82149222	-81.61073639
36.58698250	-121.84294780
33.12936111	-94.97563889
34.74532028	-87.61023222
43.13985778	-89.33751361
46.91630556	-114.09055560
44.88054694	-93.21692250
44.93582722	-74.84554583
41.70164917	-74.79501389
29.99338889	-90.25802778
24.72614083	-81.05137806
38.50886722	-107.89383330
55.13104528	-131.57806750
39.32566333	-76.41376556
39.47793722	-88.27923833
41.07694333	-71.92039972
36.63074861	-80.01834917
44.12877250	-87.68058472
20.00132694	-155.66810720
41.36786333	-91.14821639
31.45805306	-87.35104028
44.96905556	-95.71025000
37.52855833	-106.04605330
44.53460806	-72.61400444
44.70311111	-67.47861111
38.32335444	-88.85847917
41.39302583	-70.61433250
37.75313528	-89.01159694
43.11092694	-88.03442194
47.20770806	-119.32018970
36.45973500	-80.55295722
32.78160556	-98.06017500
43.91340167	-95.10940833
39.53102778	-84.39527778
35.89444444	-90.15456944
42.22611111	-91.16708333
32.81573306	-117.13956640
61.33567417	-142.68677500
44.88879556	-116.10174970
33.67975000	-78.92833333
60.37142000	-166.27060830
39.09777278	-121.56982500
39.85416833	-96.63021389
32.50984389	-111.32533390
40.49037278	-85.67914389
42.27230778	-74.39403667
42.59264528	-76.21488250
41.27118222	-72.54972972
40.94752444	-74.31450139
40.20404833	-75.43026306
40.06678250	-74.17764167
40.99778111	-76.43605583
39.93427778	-74.80725000
42.30258000	-75.41595639
36.80030556	-105.59750000
41.74324028	-76.44457083
34.09450778	-107.29781420
41.51533861	-75.25148139
40.96667472	-78.93000528
41.62249167	-74.70141111
41.72790028	-77.39651139
40.56626889	-74.97864139
40.26040083	-75.67085306
40.58286278	-74.73656222
41.03587167	-75.16067889
39.83052639	-75.76974472
42.52476694	-75.06446167
40.13647333	-75.26702972
39.97295167	-77.64326778
41.57698222	-73.73235278
41.28759361	-74.28709472
39.90415167	-74.74954917
40.83692306	-76.55245611
39.66746889	-74.75773444
41.59720444	-74.45840722
40.58757389	-75.01942056
40.21394333	-74.60179472
41.72787111	-74.37737583
64.55305556	-163.00888890
39.99472222	-75.58333333
36.43722083	-79.85101000
36.43243111	-81.41968472
48.78388139	-97.62981028
46.01247194	-98.51287889
47.79123306	-99.93174222
48.66758278	-102.04759440
48.03138750	-98.32788111
46.34663556	-98.28371000
46.21830472	-100.24500280
46.35972500	-102.32293890
47.35305000	-101.02736810
30.04242056	-90.02825694
43.77923806	-71.75369056
43.13472111	-75.64890417
35.35666667	-89.87027778
39.84914444	-99.89320583
64.72981944	-158.07318890
37.85206528	-94.30486472
42.99821222	-74.32955111
39.82073556	-120.35437670
40.28235278	-121.24116830
39.17903000	-121.99336110
39.79015444	-123.26640250
35.75703083	-94.64994417
37.48743556	-120.69686690
40.08597806	-123.81363970
39.22402778	-121.00308330
40.71930000	-123.92755310
41.04290778	-123.66838940
38.03042306	-120.41455560
37.95825861	-119.10653750
36.58826667	-118.05203140
37.75634472	-120.80020890
39.45129778	-123.37228440
38.65352083	-122.89943970
36.66633917	-119.44984830
34.70839417	-99.90871194
39.72124194	-122.14665080
38.67387639	-121.87207720
36.39883833	-119.10732890
39.00408444	-119.15793030
36.85708306	-101.22709030
41.47487000	-122.45307390
35.48201417	-96.71862944
39.26203778	-123.75373470
39.12655889	-121.60913280
36.79058417	-97.74899722
40.74570000	-122.92197000
38.26241917	-119.22570940
41.55267139	-120.16633390
38.77435250	-122.99222170
38.68407028	-120.98716420
36.11253667	-98.30868250
37.51077000	-120.04184390
38.25783250	-122.60554060
38.37680111	-120.79390750
41.88738000	-121.35943310
40.57487278	-122.40806420
40.98320111	-122.69418890
38.19350000	-121.70238890
41.01877417	-121.43331360
34.82916444	-77.61213778
37.72129083	-122.22071670
36.68190278	-121.76244920
27.26282306	-80.84978306
66.90917056	-156.86105750
29.17261111	-82.22416667
31.57802778	-94.70954167
44.87358250	-87.90905250
35.57046806	-77.04981306
31.92056722	-102.38708920
41.62425000	-98.95236111
41.93344861	-85.05258500
39.10994444	-100.81644440
45.30858944	-92.69008056
41.98546389	-97.43511111
37.70803250	-77.43601028
41.11961111	-101.76894440
33.46094444	-80.85891667
41.19594417	-112.01217500
20.89864972	-156.43045780
46.84547028	-89.36708806
44.68185361	-75.46549917
41.37427778	-84.06791667
41.24476583	-82.55122722
41.63674333	-82.82833333
42.56655417	-75.52411167
39.83378278	-100.53942360
38.84760194	-94.73758583
33.21797639	-117.35150750
35.39308833	-97.60073389
40.52817750	-86.05899000
35.66813889	-95.94869444
41.40097222	-102.35502780
39.14352139	-78.14444444
32.96672222	-82.83816667
44.95250000	-68.67433333
42.24006611	-78.37168500
48.09451778	-105.57505360
46.97050000	-122.90220830
31.41772222	-110.84788890
41.44800000	-97.34263889
34.97875000	-89.78683333
38.72182722	-88.17643278
42.68084472	-91.97447833
41.30251861	-95.89417306
64.51220222	-165.44524580
38.24721639	-78.04561028
48.46440222	-119.51805030
29.30113889	-81.11380556
44.07721306	-91.70831694
42.46988889	-98.68805556
34.02247222	-106.90313890
44.02052417	-117.01363500
44.58036111	-124.05791670
34.05600000	-117.60119440
33.35088056	-98.81916667
42.09860472	-83.16105861
41.22614944	-92.49388278
58.11215944	-135.45180500
60.53337639	-165.11396360
25.90700000	-80.27838889
30.55840556	-92.09937500
32.95458861	-84.26315222
41.59715250	-71.41215333
42.05007500	-90.73880472
45.81482500	-119.82050060
48.01592194	-92.85605139
42.99026444	-96.06279667
41.97959500	-87.90446417
42.57011889	-72.28860667
36.89461111	-76.20122222
30.06916667	-93.80091667
42.26733944	-71.87570944
57.88537750	-152.84610110
28.54547222	-81.33294444
48.70816000	-122.91379610
62.96133361	-141.92913690
66.82852667	-161.02779080
44.45260972	-83.38036389
43.98436639	-88.55705944
40.07977778	-83.07302778
33.09025889	-89.54201722
43.65506611	-95.57920917
43.41713889	-124.24602780
41.10659611	-92.44793972
66.88467694	-162.59854970
35.24556444	-97.47212861
39.48775000	-121.62200000
39.04563667	-85.60533000
43.16063056	-90.67421833
44.12339722	-93.26061667
37.74011111	-87.16683333
42.19079694	-71.17310389
38.53866667	-95.25297222
44.71550000	-69.86647222
41.03558250	-83.98202444
38.31044444	-75.12397222
41.47855556	-73.13525000
39.50203917	-84.78414250
41.33018750	-86.66473194
34.20080083	-119.20721640
41.29888556	-93.11381556
41.41247778	-78.50263139
30.73528028	-101.20297190
42.62950694	-83.98417361
32.45005694	-112.86737780
31.36399028	-109.88312860
32.93594444	-111.42652780
33.35314722	-110.66736110
34.93891389	-110.13956560
34.15063889	-114.27122220
35.30223222	-112.19405750
32.24540278	-109.89463190
40.10840556	-79.54142694
34.73002111	-112.03515690
40.20972222	-79.83144444
47.90762861	-122.28158920
37.06083333	-88.77375000
21.89686833	-159.60332170
34.25683639	-111.33925580
37.46111944	-122.11504440
61.59474194	-149.08882420
34.17498722	-91.93472028
45.70895028	-90.40248472
26.68316194	-80.09559417
56.57735278	-169.66373610
67.23789833	-150.28606080
28.00021667	-82.16424167
41.51627778	-82.86869444
44.33368778	-89.01549861
43.01928889	-91.12374722
33.87560444	-84.30196778
45.69505556	-118.84144440
45.58872222	-122.59750000
41.40006667	-92.94588333
57.95517222	-136.23627330
42.63813556	-77.05306083
31.38235750	-103.51070170
28.95419444	-98.51998917
30.21208333	-85.68280556
36.92611111	-111.44836110
26.92019444	-81.99052778
59.34825944	-151.83153890
36.06352944	-90.50986028
35.63523944	-77.38532028
40.47091667	-81.41975000
37.13189556	-76.49298750
39.73530556	-99.31741667
33.45169472	-79.52620111
26.78503861	-80.69335528
39.87195278	-75.24114083
42.91095778	-82.52886139
68.34877417	-166.79930860
44.04862722	-101.59906030
36.33822472	-88.38287861
33.43416667	-112.00805560
40.66424333	-89.69330556
31.46714944	-89.33705778
27.91076333	-82.68743944
42.91130556	-112.59586110
26.16621000	-97.34588611
32.84069444	-84.88244444
44.38267694	-100.28596500
40.49146583	-80.23287083
69.73287500	-163.00534170
37.97788417	-89.36044889
60.70369056	-161.77673670
39.34510333	-81.43920194
46.90062583	-95.07313278
45.95502361	-90.42441806
44.68751861	-73.52452306
40.45076167	-84.99007917
45.57092750	-84.79671500
33.55883333	-86.24905556
48.94250000	-97.24083333
34.62938889	-118.08455280
38.84047000	-82.84731361
26.24713889	-80.11105556
40.95025000	-95.91788889
42.22328722	-72.31138694
35.80843944	-76.75927694
42.79549917	-109.80709440
36.73058417	-97.09976833
40.08194417	-75.01058667
45.55986778	-93.60821611
45.20066667	-67.56438889
57.58038056	-157.56744440
30.47330556	-87.18744444
34.09164833	-117.78178030
36.77394444	-90.32484722
42.74280556	-94.64730556
41.62661111	-73.88411111
44.86797222	-108.79300000
35.61298806	-100.99626080
66.81288139	-150.64379250
37.33125778	-95.50900667
14.33102278	-170.71052580
41.57276194	-86.73413139
39.63885556	-90.77843111
46.68896000	-68.04479972
30.46278111	-88.52922778
43.98330333	-96.30031083
18.33967500	-65.62460583
35.67288611	-120.62705580
34.65447222	-112.41958330
39.70015944	-87.66961861
31.84540222	-86.61044583
41.82801306	-94.15990361
33.63660667	-95.45073194
40.88439139	-78.08734167
46.26468028	-119.11902920
18.00830278	-66.56301194
42.42684667	-73.29292806
56.80165194	-132.94527810
37.13734528	-80.67848167
43.07795889	-70.82327333
31.77969444	-95.70630556
33.82921556	-116.50625310
28.72751778	-96.25096750
37.18375833	-77.50738889
44.67666917	-74.94844639
56.95943333	-158.63182080
42.66520389	-83.41870917
29.71081917	-91.33971778
37.44855556	-94.73133333
37.70001750	-98.74620250
59.01135611	-161.81966610
36.02960778	-119.06273110
40.23957167	-75.55662528
38.28908722	-104.49657220
39.61391556	-110.75141830
42.68935583	-90.44439278
42.07199833	-70.22137667
41.72399917	-71.42822111
38.72421806	-120.75332500
36.78014889	-76.44883472
34.71105361	-97.22321694
40.21919444	-111.72336110
34.16814722	-101.71733610
35.53455000	-97.64721556
46.72478750	-94.38170000
48.79030583	-104.53384500
31.48491667	-97.31652778
42.11418083	-87.90148083
43.64616667	-70.30875000
47.49275361	-122.76242860
32.51058333	-83.76733333
34.74213889	-80.34519444
41.90902444	-70.72878778
36.41200333	-100.75178830
45.40709667	-83.81288556
33.92395306	-102.38668310
34.56682472	-101.78146110
36.02502306	-106.04641140
33.70005472	-108.85062140
39.01267750	-123.38278640
39.45544417	-121.29135110
33.54980833	-102.37273330
40.49291944	-123.59975890
33.17367500	-102.19262080
36.44856139	-119.31900560
34.14547222	-103.41033330
34.12865750	-109.31147560
33.64886139	-105.89568500
34.00230056	-101.33043500
36.32697806	-104.61971170
36.79891472	-100.52987080
36.85998861	-120.46446750
38.30491306	-121.42967360
34.56673556	-102.32269470
34.93442472	-104.64306500
38.92111389	-120.86479440
37.86166667	-120.17788890
40.54708833	-123.18169530
36.75800528	-120.37127940
39.70960639	-121.61636170
38.67601389	-121.44550920
40.21125917	-123.29752310
37.08158611	-121.59680560
42.76119139	-87.81389806
33.95187528	-117.44510170
44.04532139	-103.05737080
32.68086111	-96.86819444
42.56966667	-99.56836111
43.23878306	-123.35586170
40.15065667	-122.25229030
32.92052778	-80.64125000
64.72721556	-155.46988860
44.14509400	-103.10356700
41.06554833	-86.18170444
45.49825694	-91.00186361
40.50898361	-122.29340190
41.01052778	-95.25986111
44.25406722	-121.14996330
47.96116700	-97.40116700
35.87763889	-78.78747222
61.78764333	-157.34793440
45.18744472	-109.26737780
42.19536389	-89.09721111
28.29361694	-97.32304833
44.58935611	-92.48496889
45.63119306	-89.46745361
37.33287306	-121.81979470
37.50516667	-77.31966667
39.75721528	-84.84282000
38.73643611	-112.09894440
39.52631500	-107.72694030
38.48879750	-121.10244470
33.88057333	-117.25948360
43.06423500	-108.45984110
44.06008333	-69.09925000
28.08677778	-97.04461111
35.02162639	-94.62125250
41.59421750	-109.06519280
35.92229500	-84.68966278
46.30563500	-119.30418530
43.23379861	-75.40703333
34.35060111	-85.15801389
65.50786222	-150.14280470
42.25118111	-84.95545250
35.69870944	-85.84381722
45.14831139	-92.53806139
33.03890500	-116.91363920
39.49857611	-119.76806470
47.49313889	-122.21575000
33.76114056	-90.75787528
37.32546833	-79.97542833
43.11886611	-77.67238389
36.37229667	-94.10686972
14.07833300	101.37833400
7.36722200	134.54416700
45.69801389	-92.95298972
33.30155556	-104.53055560
48.85603806	-95.69703861
39.81790861	-97.65962500
45.41809056	-91.77365194
46.47357528	-108.55763330
43.72263278	-85.50407333
35.65205556	-109.06738890
45.19927083	-89.71143389
48.94138889	-95.34838889
61.77967583	-161.31947720
38.87212222	-98.81177611
32.51444444	-92.58833333
43.90882639	-92.49798722
39.01604222	-87.64977500
26.53616667	-81.75516667
36.74152778	-104.50218330
35.25914667	-93.09326611
48.39035917	-100.02427390
35.64588583	-80.52029306
43.52990694	-72.94961500
32.05897222	-82.15172222
40.67737417	-77.62682833
36.45757917	-82.88503722
44.54720389	-95.08225500
35.85498861	-77.89295611
41.80559750	-107.19994000
41.09226306	-86.61287111
43.83391139	-111.80510500
32.14308333	-111.17286110
43.16963222	-88.72321222
34.01315611	-84.59854472
40.94789861	-87.18257944
45.82272750	-92.37250083
39.44136778	-83.02251556
36.43945583	-77.70934139
48.16863889	-111.97647220
42.19028361	-122.66062830
43.08733083	-124.40955780
44.09483333	-121.20063890
47.86597139	-119.94270530
44.63781639	-123.05944860
47.94146583	-124.39298670
43.87633333	-121.45305560
48.70727528	-117.41260360
41.29570556	-83.03723056
47.79569972	-103.25369920
48.17856944	-114.30374080
48.99778194	-100.04345890
44.52984500	-122.92953360
48.48259944	-122.93684440
47.42277361	-98.10587139
44.66623139	-121.16310000
47.47243611	-114.90013500
44.28699389	-120.90383280
46.21235500	-119.79281220
47.90815306	-122.10540720
44.87761139	-124.02844720
45.41824194	-123.81438390
47.32815583	-122.22650920
48.42070056	-120.14702640
48.28384528	-115.49024530
47.75482000	-122.25929310
47.14718944	-110.22992890
43.61488056	-116.92153720
43.58133333	-116.52305560
46.49129139	-116.27680610
46.97494083	-112.64476060
46.79486278	-119.08028750
48.59194444	-109.24888890
47.32768722	-116.57739060
46.21934028	-116.01347360
45.94255806	-116.12341580
47.54769889	-116.18850080
48.15333333	-104.50388890
44.20683056	-116.96238690
46.24710917	-116.48014470
47.18317583	-120.88452500
46.85849750	-117.41379640
48.10486806	-119.72061280
41.44485944	-106.82352640
38.51252389	-121.49346890
32.85331278	-109.63497080
35.61677778	-106.08813890
32.73355611	-117.18965670
38.14893833	-89.69870972
29.53369444	-98.46977778
32.12758333	-81.20213889
46.35361111	-87.39583222
46.38087944	-94.80660167
34.42621194	-119.84037330
34.09535361	-117.23487420
43.76949444	-87.85158944
41.70895361	-86.31847417
32.60825000	-82.36869444
35.23705806	-120.64239310
40.51625944	-106.86630060
43.59534389	-94.09284833
48.54125278	-111.87207220
38.34052611	-75.51028806
41.61033333	-96.62986111
70.19475583	-148.46516080
33.17183583	-86.30553778
40.85120600	-77.84630200
42.85245556	-73.92886750
37.89426694	-121.23862030
61.84454111	-165.57374920
36.45569444	-84.58575000
45.51859778	-102.46710420
43.30888889	-96.57100000
44.43080278	-97.56118861
45.79998111	-99.64206250
44.00386056	-96.59310139
45.25755861	-99.79783944
45.79680833	-100.78425030
43.85165639	-100.71208110
43.37915361	-97.97118278
43.90637833	-100.03706690
40.75148167	-95.41347222
38.17438889	-85.73600000
33.62287500	-111.91053330
32.57230556	-116.98025000
55.31502778	-160.51769440
47.70685778	-104.19255440
47.44898194	-122.30931310
32.82623111	-116.97244970
27.45640278	-81.34240000
40.82052917	-76.86377611
32.34394667	-86.98780333
32.21532333	-98.17766722
38.92355361	-85.90736556
38.92969444	-90.42996111
34.84862889	-111.78846140
28.77764000	-81.23748944
43.39058278	-99.84256194
47.68281806	-117.32255830
43.39386111	-70.70800028
37.61900194	-122.37484330
36.68235361	-76.60187333
42.04581972	-90.10760056
41.92076333	-71.49138139
37.24432611	-93.38685806
39.84028194	-83.84015056
29.95925000	-81.33975000
29.62225306	-95.65652889
44.85713278	-93.03285389
34.60054000	-91.57457417
37.09058333	-113.59305560
59.46006194	-135.31566360
38.26384333	-78.89643806
66.88916556	-157.15051190
66.24956861	-166.08955890
43.20839361	-95.83343306
47.23355556	-123.14755560
44.76919556	-106.98027940
32.44662750	-93.82559833
62.69511944	-159.56906140
18.45675000	-66.09883333
36.89888889	-89.56175000
57.04713806	-135.36159830
39.11471250	-87.44832917
41.78144167	-122.46810940
37.36186194	-121.92900890
34.51855556	-109.37875000
31.35775000	-100.49630560
18.43941667	-66.00183333
45.69227778	-85.56630556
47.61505800	-117.65580300
42.37908333	-94.97958333
61.96529500	-151.19136610
36.45819000	-105.67242890
42.59719444	-95.24066667
40.78838778	-111.97777310
44.90952778	-123.00250000
36.19060778	-94.49088306
44.38531000	-74.20618472
38.79148250	-97.65060333
38.64287222	-88.96418528
61.70931139	-157.15570080
33.15983333	-95.62113889
41.14335389	-85.15277694
37.05419722	-84.61494139
38.69542167	-121.59076690
45.12047778	-113.88201030
34.01582194	-118.45129610
40.62599083	-74.67024333
33.99569444	-80.36150000
34.89924833	-120.45758250
33.67565861	-117.86822250
35.17036000	-88.21587000
32.69338667	-100.95045250
35.35730333	-96.94282833
57.16733333	-170.22044440
36.66279222	-121.60636030
41.10133333	-102.98527780
35.23735278	-79.39116944
59.44243917	-151.70405030
34.26527194	-110.00540750
34.91572222	-81.95650000
45.77250444	-122.86236110
44.48022222	-103.77688890
27.76511111	-82.62697222
32.98316472	-93.41081028
39.84395194	-89.67761861
14.99611100	145.62138400
33.98879611	-98.49189333
43.16552778	-95.20280556
29.50836111	-95.05133333
41.74284139	-89.67629028
37.51185500	-122.24952360
36.05593278	-85.53074750
35.21194639	-91.73716500
27.39533333	-82.55411111
33.46285000	-105.53475080
61.78987500	-156.58818610
29.33700750	-98.47114056
31.15159250	-81.39134667
45.73138139	-91.92066194
45.54532417	-94.05833667
44.54513556	-89.53028444
33.43381667	-88.84863806
39.77194444	-94.90970556
40.61526250	-103.26465560
38.74768694	-90.35998972
44.93447250	-93.05999861
38.50897694	-122.81288030
18.33730556	-64.97336111
17.70188889	-64.79855556
27.18169444	-80.22108333
35.78756833	-96.65862861
44.84366222	-87.42154111
43.50484139	-114.29659030
38.66187028	-90.65123000
33.92925694	-78.07499167
46.68971750	-92.09465500
42.40260333	-96.38436694
63.68639444	-170.49263610
32.63654694	-108.15638530
40.37684111	-120.57300330
35.76526389	-80.95673611
66.00900528	-149.09591530
60.12693833	-149.41881220
41.50409361	-74.10483833
36.16025194	-97.08577028
40.86525806	-97.10931306
32.46736806	-100.46655080
38.23163889	-80.87080556
62.52055556	-164.84777780
60.47613889	-151.03244440
39.76104833	-101.79584140
35.56009889	-86.44249333
43.11118694	-76.10631056
31.55851111	-83.89573389
34.34722167	-119.06121500
48.29965139	-116.55976810
35.20295000	-88.49836139
29.77000000	-94.66361194
36.09276972	-111.38264190
45.46913889	-89.80569444
27.20683333	-98.12117083
31.10672694	-98.19600194
30.87935556	-96.97109694
31.14601111	-90.16814500
29.66925000	-95.06419444
57.78083333	-152.39138890
33.86122222	-98.49044250
32.21261111	-101.52163890
27.77854306	-97.69052389
31.30696111	-95.40383056
32.88762500	-96.68360750
33.17231861	-100.19760440
26.17763889	-97.97305556
28.03925000	-97.54244444
29.08358806	-97.26693417
30.87182917	-96.62222639
30.57194444	-97.44316667
30.07780556	-94.69855556
27.55086111	-98.03091833
30.24369444	-98.90952778
29.34192083	-98.85090056
29.80411000	-94.43102306
28.65405111	-96.68131250
37.25937778	-104.34067500
65.17439528	-152.10938860
41.87460139	-71.01687583
39.53418583	-89.32781222
37.74163111	-92.14073611
32.48316667	-81.73727778
35.18277806	-103.60318530
33.22062750	-87.61140139
33.23694444	-107.27175000
62.99270417	-156.06819030
37.68910778	-121.44181720
36.28489194	-78.98422694
46.47709083	-122.80686000
41.56487194	-83.48226139
40.85010139	-74.06083611
38.01769694	-86.69093000
42.56576833	-84.42321861
37.95375861	-107.90848000
35.93245472	-88.84894028
37.82513889	-75.99777778
35.38015694	-86.24602333
47.57493556	-115.28431640
43.65828917	-108.21315420
39.91699500	-76.87302611
47.26793111	-122.57809970
28.51479944	-80.79922750
62.32050000	-150.09369440
57.77965833	-135.21844390
33.17794778	-96.59052750
36.23087083	-90.03466806
30.39652778	-84.35033333
36.15630556	-119.32616670
61.09676222	-160.96841670
31.42879528	-83.48787167
25.64788889	-80.43277778
14.99685028	-145.61803830
34.13208528	-115.94583190
25.86180556	-80.89700000
41.67442972	-93.02172917
33.80337750	-118.33960000
44.01800000	-92.83150000
59.05284222	-160.39693390
31.86041667	-86.01213889
41.58680556	-83.80783333
39.06865750	-95.62248361
42.06454750	-104.15269860
27.97547222	-82.53325000
27.91557833	-82.44926083
38.06020222	-117.08715360
31.15250000	-97.40777778
60.20433333	-154.31887280
41.76352778	-96.17794444
35.92891667	-95.00452778
38.47427778	-100.88494440
36.47521417	-82.40742056
39.32004222	-120.13956280
32.71004667	-96.26742306
33.62789944	-116.16011940
40.08351333	-93.59063472
40.56186833	-81.07748611
35.13497222	-118.43925000
18.12444444	-145.76861110
35.58247222	-79.10136111
45.54936889	-122.40125190
41.93990639	-83.43468306
40.27669111	-74.81346833
36.19837222	-95.88824167
34.26810833	-88.76989500
32.11608333	-110.94102780
37.13244083	-92.08396167
44.74144472	-85.58223500
48.06550028	-96.18336083
30.90155194	-83.88133556
40.68390306	-92.90103333
38.89388167	-119.99533470
32.35160639	-91.02768917
40.61227250	-112.35077190
42.48180389	-114.48773560
47.04922500	-91.74514167
33.45370806	-93.99102000
34.45283333	-110.11480560
40.03064972	-86.25143750
32.35413889	-95.40238611
35.81248722	-83.99285583
39.90081778	-83.13719361
41.87877778	-92.28456944
36.72978000	-85.65191556
43.20925000	-112.34958610
42.59157139	-114.79671780
46.31936972	-113.30506420
36.56803000	-114.44331330
42.10690806	-111.91253890
39.73884333	-111.87160110
43.54834722	-109.69026110
36.02054056	-114.33524610
38.96136167	-110.22736190
42.92102222	-112.88110530
40.61954000	-111.99288580
37.93721500	-109.34650530
38.23071000	-112.67534970
37.84523333	-112.39187310
43.74193056	-111.09786080
44.91167028	-108.44550920
40.19190167	-110.38098860
44.49378250	-116.01624220
43.13125278	-115.72959440
40.14162139	-111.66131250
44.74988750	-116.44680920
37.44221444	-110.56958360
45.24713889	-122.77005560
45.50597028	-91.98108694
33.46539667	-88.38031639
38.06877667	-91.42885694
43.14511944	-75.38385889
41.02533778	-80.41337194
36.38025000	-88.98547778
33.74843750	-116.27481330
34.44919444	-79.89036111
43.04102778	-88.23705556
42.42216000	-87.86790694
47.93714444	-124.56124970
39.94262417	-91.19445611
42.66389361	-82.96542583
36.22284028	-81.09833750
39.12595722	-123.20085500
38.30248472	-95.72495750
40.43521194	-75.38192861
44.31957306	-94.50230778
37.60375278	-101.37338890
39.93520250	-86.04495333
39.21096222	-82.23142583
63.88835917	-160.79895170
36.87813889	-91.90269444
43.42658333	-88.70322222
40.84927778	-77.84869444
35.20397028	-85.89858889
34.38431528	-89.53530972
20.26525583	-155.85998750
41.61033333	-84.12552778
30.74688667	-95.58716667
61.75441667	-150.05166390
41.53243972	-71.28154389
38.23343056	-91.16433333
29.21135028	-99.74358306
39.87585167	-85.32646806
39.93272694	-83.46200361
34.98783333	-81.05716667
61.53363583	-165.58373220
39.94289056	-74.84571944
36.34571528	-94.21934500
38.37675167	-121.96245500
28.85255556	-96.91848722
34.59322500	-117.37946670
32.19255556	-82.37194444
61.13395028	-146.24836000
67.02269444	-146.41377530
40.44090167	-109.50992030
38.94577556	-92.68277139
40.20441667	-84.53191667
36.21166667	-115.19575000
31.05784417	-104.78380560
38.12743222	-91.76952250
44.55812861	-90.51224694
36.31866667	-119.39288890
36.68711028	-82.03333583
38.99130556	-89.16622222
30.78250000	-83.27672222
42.76528917	-96.93425472
27.07161111	-82.44033333
40.86472222	-84.60944444
34.20980972	-118.48997330
34.12313889	-84.84869444
30.48325000	-86.52540000
41.45396667	-87.00707139
30.21867306	-81.87666444
18.13551806	-65.49182583
27.65555556	-80.41794444
43.34362889	-72.51731250
40.02467500	-82.46182194
42.21862611	-92.02592806
42.85767194	-100.54735500
35.41669472	-80.15079556
45.62045250	-122.65648830
45.30566472	-96.42442278
41.35186806	-89.15308417
47.00369806	-124.14378500
39.84092833	-77.27415139
44.89234639	-91.86777944
39.00035833	-80.27392778
38.97638889	-76.32963889
36.96015000	-78.18499861
48.53732194	-123.00962360
35.22224722	-78.03779444
38.01679028	-75.82882056
35.65388250	-79.89504250
38.66705556	-78.50058333
38.58704667	-77.71138389
36.71004500	-78.84802028
35.10117083	-75.96595278
37.50320139	-77.12552694
37.52122778	-76.76468250
38.99419444	-79.14438889
45.62777778	-122.40416670
47.92348361	-119.08057890
48.01814917	-122.43847890
47.35820250	-118.67332640
39.90007500	-80.13311667
63.51591972	-162.28273940
66.36155056	-147.40121860
41.29717222	-75.85120556
67.50451667	-148.48322220
36.37920333	-97.79111222
33.98227778	-83.66808333
34.25932528	-118.41343310
34.74095944	-118.21894890
37.16861556	-97.03752194
66.60002778	-159.98619440
39.51635389	-122.21751060
40.89661111	-117.80588890
64.68919444	-163.41255560
60.69118917	-161.96951610
56.48432583	-132.36982420
43.96571306	-107.95083080
67.40457333	-150.12274170
58.70343611	-157.00825110
41.34961694	-71.80337778
67.56208333	-162.97527780
36.93573000	-121.78961780
44.53325000	-69.67552778
39.00850694	-74.90827389
36.43670250	-99.52099750
44.68839917	-111.11763750
25.84871167	-81.39007944
27.19199444	-81.83730472
27.89380556	-81.62038889
26.70089833	-80.66227972
26.74423278	-81.43257556
28.01398389	-82.34527917
28.62234556	-80.83569500
28.92276500	-81.65174111
27.81280389	-80.49560833
29.06177778	-82.37658333
28.80859639	-82.31648167
25.77833333	-80.17027778
25.94898194	-80.42338694
29.46738889	-81.20633333
25.49872139	-80.55422528
27.96196472	-80.55977556
29.35422000	-82.47288194
18.13801667	-65.80071750
18.33856722	-64.94070111
17.74719528	-64.70486444
18.30800972	-65.66182806
18.33689833	-64.79958306
36.28186944	-94.30681111
46.99016361	-94.20400222
42.87999833	-97.90117972
43.45747694	-96.80199528
45.65371028	-84.51927306
46.76823667	-100.89434330
46.06638556	-100.63484920
44.24482500	-84.17980472
48.39443778	-97.78147889
42.50311694	-83.62371667
44.04162556	-89.30448694
43.57913917	-90.90096333
45.51662972	-88.93344694
45.98607111	-95.99199861
46.00931139	-83.74393417
44.24995694	-95.60445389
42.93769972	-85.06066722
47.93640083	-102.14211420
43.45418694	-82.84938028
45.00000833	-84.13333667
59.50336056	-139.66022610
9.51670000	138.10000000
42.23792750	-83.53040889
46.56816972	-120.54405940
42.91669444	-97.38594444
41.26073556	-80.67909667
32.65658333	-114.60597220
14.18435056	-169.67002360
60.87202194	-162.52480940
60.90453167	-161.42091000
63.14603750	-156.52986500
61.39445139	-149.84555560
62.29368944	-146.57942190
56.00753611	-161.16036720
64.30120361	-149.12014360
66.27399583	-145.82403810
34.00333333	-110.44416670
36.28002361	-80.78606861
40.70644889	-76.37314667
28.22806472	-82.15591639
35.08322694	-108.79177690
39.94445833	-81.89210528