"","X","AreaStr","val_th","Ass","Bur","Mur","Rob","The","Mvt","Const","AreaSqM","type","prop_sqm","PAI_val_th","PAI_Ass","PAI_Bur","PAI_Mur","PAI_Rob","PAI_The","PAI_Mvt","LenMile","prop_len","PAI_valth_len"
"1",1,"1",116.898,7,8,0,4,32,10,61,0.0177351351226673,"DBSCAN",5.19150428901828e-05,13.296219092223,13.6694726150502,12.4122366146809,0,15.6222544172003,19.7980237131449,19.2065407282959,0.36800885117427,6.69319157079115e-05,10.3130737727926
"2",2,"2",209.56,6,9,1,4,14,2,36,0.0325070660240049,"DBSCAN",9.51560681775293e-05,13.0042766473271,6.39236695812076,7.6183215072376,58.7097836824052,8.52315594416102,4.72559638684742,2.09573263119963,1.28516118595993,0.000233739758963068,5.29407508907386
"3",3,"3",264.493,15,3,0,9,101,17,145,0.0302014928674507,"DBSCAN",8.84070962367411e-05,17.6661272886051,17.2008959680641,2.73330064968158,0,20.6410751616769,36.6943607647104,19.1736221164804,0.787513009028142,0.000143229583122703,10.9042488380089
"4",4,"4",311.864,28,14,0,19,12,11,84,0.0345047120274913,"DBSCAN",0.000101003662640898,18.2323404256461,28.1039811247069,11.1646262510716,0,38.1411172406736,3.81600734815556,10.8592024840648,0.2439748260463,4.43731242867592e-05,41.5010930852003
"5",5,"5",76.793,5,5,0,4,11,12,37,0.0387061228417693,"DBSCAN",0.000113302211319207,4.00218856682959,4.47382049447263,3.55455218344567,0,7.1581127911562,3.11831065030036,10.5605181830638,0.448514128884728,8.15738800100331e-05,5.55884818378712
"6",6,"6",192.154,14,30,0,6,22,6,78,0.0177351351226673,"DBSCAN",5.19150428901828e-05,21.8559914065854,27.3389452301005,46.5458873050534,0,23.4333816258004,13.6111413027871,11.5239244369775,0.301834308049041,5.48963656706383e-05,20.6690318642939
"7",7,"7",164.35,11,17,0,7,26,14,75,0.0329542001584059,"DBSCAN",9.64649382596874e-05,10.0603830465162,11.5603273196484,14.1949120754015,0,14.7131438613707,8.65703027297346,14.4710789758262,0.625015626542718,0.000113675236610205,8.53725277721454
"8",8,"8",393.227,23,21,1,10,25,7,87,0.0181077037246967,"DBSCAN",5.30056415701541e-05,43.8061951390256,43.9898698373652,31.9117392971026,105.396180732516,38.2520607281436,15.1489660428474,13.1679543780879,0.399466544874913,7.26533098983455e-05,31.9596654486941
"9",9,"9",164.371,15,9,0,5,14,5,48,0.034102418659779,"DBSCAN",9.98260523608087e-05,9.72289507495557,15.2333106362906,7.26192715826198,0,10.1555404241938,4.5045272384514,4.99422927232262,0.691090855446095,0.000125692723790826,7.72199220112699
"10",10,"10",183.701,9,4,0,5,88,4,110,0.0321158132594736,"DBSCAN",9.40107764213031e-05,11.5384687962529,9.70536351104248,3.42716984554251,0,10.7837372344916,30.0656163651643,4.24252803194837,0.414575840402463,7.54013255817428e-05,14.3862246701849
"11",11,"11",416.065,32,5,1,4,6,7,55,0.034934604197356,"DBSCAN",0.000102262061310111,24.0248641262115,31.7235931965362,3.93829947758046,54.630154205767,7.93089829913406,1.88452449466801,6.82536476416652,0.252501179555138,4.59238619185537e-05,53.4979425859029
"12",12,"12",201.886,21,5,0,6,3,7,42,0.0386810604322662,"DBSCAN",0.000113228847566674,10.5284251804554,18.8022206093366,3.55685526514577,0,10.744126062478,0.85099938556147,6.16429368466433,0.538743679011885,9.79844544410642e-05,12.1664345295912
"13",13,"13",1066.276,95,30,1,26,54,7,213,0.0924952293886327,"DBSCAN",0.000270755974941001,23.2544399069742,35.5707066054902,8.9247586736729,20.633310788389,19.4702815103736,6.40590936213042,2.57787799559791,2.12608992108029,0.000386684371669634,16.2827334384721
"14",14,"14",279.946,24,14,0,16,19,12,85,0.0435456658800361,"DBSCAN",0.000127468727822337,12.9683557004999,19.0877407023477,8.84662585592497,0,25.4503209364636,4.78756880402881,9.38685184405013,0.870994495201726,0.000158412847812974,10.435137212115
"15",15,"15",204.911,18,22,0,5,12,8,65,0.0297606975300449,"DBSCAN",8.71167813511236e-05,13.8892165855721,20.9467968162559,20.3410859779928,0,11.6371093423644,4.42429934681373,9.15652181099469,1.01726687692717,0.000185016258825517,6.53987845232984
"16",16,"16",208.972,14,20,0,13,28,15,90,0.0313186200622016,"DBSCAN",9.16771985409045e-05,13.4598761708135,15.4815214337048,17.5720300813606,0,28.751396948309,9.80983666872643,16.3144446201086,1.25253146048225,0.000227805200518957,5.41674964942239
"17",17,"17",160.779,12,13,0,3,27,15,70,0.0236885705832482,"DBSCAN",6.93421927338267e-05,13.6913430202877,17.5440805114891,15.1007687753341,0,8.77204025574455,12.5063699772592,21.5693002997967,0.446516207501133,8.12105063976563e-05,11.6904547035939
"18",18,"18",286.684,29,14,0,1,23,5,72,0.04040546930508,"DBSCAN",0.000118276610663664,14.3126115152917,24.8568483904234,9.53416011033347,0,1.7142654062361,6.24588586824044,4.21515454360177,0.738205972836712,0.000134261824929819,12.6085518401028
"19",19,"19",181.283,13,9,0,9,35,9,75,0.0388315172426644,"DBSCAN",0.000113669271150194,9.41734114792477,11.5943715468874,6.37753293749171,0,16.0537452187672,9.88985781768979,7.89481218655495,1.31746505925369,0.000239615052770372,4.4674251140774
"20",20,"20",430.257,45,19,0,3,19,11,97,0.0311575123549095,"DBSCAN",9.12055971983628e-05,27.85612818847,50.0193402132817,16.7797461232602,0,6.66924536177089,6.69109488405844,12.0257885255025,0.803733630052086,0.000146179722054525,17.3802136941804
"21",21,"21",401.105,23,12,1,12,35,12,95,0.0535482982079957,"DBSCAN",0.000156748859195966,15.1101225238697,14.8754592874072,6.16637785614112,35.6404008770913,15.5222183868597,7.17180932405013,7.63342118695703,1.24996166235492,0.000227337816348451,10.4183919154811
"22",22,"22",323.242,21,12,0,38,40,12,123,0.0560682435066342,"DBSCAN",0.000164125350401411,11.6296439278656,12.97151089751,5.88923461218748,0,46.9445156290837,7.8279745305569,7.29034277697752,1.15450512310407,0.000209976578925709,9.09015374224139
"23",23,"23",156.861,14,3,0,9,13,5,44,0.0285711608041141,"DBSCAN",8.36347187832883e-05,11.074973030994,16.9702551146334,2.88926868046851,0,21.8188994331001,4.99254318627241,5.96109127995755,1.57221561596441,0.000285948022028851,3.23923295012767
"24",24,"24",336.724,17,18,1,5,23,20,84,0.029988966255157,"DBSCAN",8.77849792854905e-05,22.649997571332,19.63250183872,16.516026469254,63.6394998807538,11.5485304933647,8.41536008894017,22.7170614790207,0.952101891759924,0.000173164322981028,11.4823280765151
"25",25,"25",632.355,39,1,2,18,11,10,81,0.0748549413048496,"DBSCAN",0.000219118572342681,17.0410388351207,18.0439806962341,0.367598801259133,50.9914985210295,16.6559821811392,1.6124214779326,4.5505425442538,1.79360681677071,0.000326213730702861,11.446508069242
"26",26,"26",235.524,11,10,0,9,97,17,144,0.0364426994094432,"DBSCAN",0.000106676621846383,13.0370764764175,10.4537080557118,7.55064447417286,0,17.1060677275285,29.2056958991618,15.8899318924773,0.9011352136784,0.000163894716039837,8.48563828573414
"27",27,"27",341.73,26,15,0,13,58,26,138,0.075658952527479,"DBSCAN",0.000221472108237293,9.1112584438196,11.9014874935599,5.4553861319964,0,11.9014874935599,8.41151129968661,11.7056807893583,1.73608407743813,0.000315751734672029,6.39074752302959
"28",28,"28",58.874,5,3,0,3,4,4,19,0.0177351351226673,"DBSCAN",5.19150428901828e-05,6.69644992074748,9.76390901075016,4.65458873050534,0,11.7166908129002,2.47475296414311,7.68261629131835,0.52617108634844,9.56978036996637e-05,3.63275301425532
"29",29,"29",199.868,20,9,0,6,6,5,46,0.0482156862583189,"DBSCAN",0.000141139010375004,8.36200643943067,14.3658015943893,5.13628031551954,0,8.61948095663356,1.36542943656828,3.53236282099551,1.44695355203885,0.000263165880030603,4.48464410915811
"30",30,"30",434.318,48,2,0,5,20,3,78,0.0467052705881706,"DBSCAN",0.000136717657295064,18.7584746069235,35.5929156843262,1.17830755910254,0,7.41519076756795,4.69862155401106,2.18795817323632,1.78658285481053,0.000324936241782815,7.89267053935369
"31",31,"31",29.153,3,0,0,1,2,0,6,0.0177351351226673,"DBSCAN",5.19150428901828e-05,3.31592221591112,5.8583454064501,0,0,3.90556360430007,1.23737648207156,0,1.01878280542701,0.000185291969581513,0.929053992185053
"32",32,"32",128.027,10,16,0,3,16,4,49,0.023512092436949,"DBSCAN",6.88255983875792e-05,10.9841352538746,14.7298030658435,18.7250619336583,0,8.83788183950607,7.46680940150215,5.79498563930521,0.197136532575924,3.58543707283642e-05,21.0850076646294
"33",33,"33",174.656,8,4,0,5,76,19,112,0.0341616483051398,"DBSCAN",9.99994319013652e-05,10.3133623332402,8.11034615586879,3.2219272847962,0,10.137932694836,24.4107508696008,18.9451669551838,0.758410004476945,0.000137936449978616,7.476851655069
"34",34,"34",149.307,14,11,0,4,8,4,41,0.02970066802749,"DBSCAN",8.69410604345217e-05,10.140737369131,16.3248815588343,10.1910991810584,0,9.32850374790533,2.95549434603129,4.58751425712126,0.946829534433536,0.000172205408609741,5.11973733913465
"35",35,"35",797.047,76,21,0,12,96,22,227,0.0858158498790398,"DBSCAN",0.000251203810758326,18.7357898750687,30.6714498231094,6.73358501193184,0,9.68572099677138,12.2746774474405,8.73250466176157,2.67648076443476,0.000486787163806997,9.66850024839718
"36",36,"36",155.178,13,11,0,3,18,12,57,0.0294692393030222,"DBSCAN",8.62636124154531e-05,10.6222570854247,15.2778642845607,10.2711322304407,0,7.05132197748956,6.70208517883571,13.8706231899406,0.826977563574422,0.000150407231784993,6.09222214463895
"37",37,"37",757.931,42,45,2,26,35,18,168,0.0612555575897628,"DBSCAN",0.000179309877119015,24.9597227215649,23.7460847723014,20.2144335936351,62.3121522197341,29.3999144799922,6.26944230835476,10.0094602877647,0.966797968966681,0.000175837184238851,25.452664255867
"38",38,"38",178.397,7,29,0,21,30,11,98,0.0203875485049654,"DBSCAN",5.96793003120792e-05,17.6513579886263,11.8910787054398,39.1406065262447,0,71.3464722326389,16.1459131060841,18.3785536779773,0.528001146908502,9.60306474852292e-05,10.9696302368604
"39",39,"39",338.284,5,0,0,2,275,14,296,0.043345068280948,"DBSCAN",0.000126881529986612,15.7433572008652,3.99501609984072,0,0,3.19601287987258,69.6144451238385,11.0020090402553,2.7527121630224,0.000500651812791072,3.98988118635878
"40",40,"40",192.565,12,20,0,14,29,11,86,0.0225051681011589,"DBSCAN",6.58780865858284e-05,17.2603928544285,18.4666112088804,24.4535713470796,0,43.0887594873875,14.1391108754831,16.6492270964898,0.457833899388986,8.32689210173829e-05,13.6555348751557
"41",41,"41",309.358,24,27,0,17,29,14,111,0.0444474050625083,"DBSCAN",0.000130108337163344,14.0401104360073,18.7004928152782,16.7152129497497,0,26.4923648216441,7.15909211361537,10.7291490337133,0.498214864202661,9.06132425588046e-05,20.1596959874064
"42",42,"42",121.433,6,1,0,9,47,3,66,0.0335039032325626,"DBSCAN",9.80740525108235e-05,7.31133868343508,6.20217570815273,0.821294954829085,0,18.6065271244582,15.3924877181713,3.05006786245979,0.9919727915279,0.000180415876018281,3.97444299131951
"43",43,"43",479.076,46,10,0,10,50,16,132,0.0501118833678757,"DBSCAN",0.00014668963931524,19.2849835620907,31.7910833266991,5.49103023927156,0,13.8222101420431,10.9480215231831,10.8758425239695,1.26096798155149,0.000229339599801127,12.33501447363
"44",44,"44",195.97,17,10,0,5,23,11,66,0.0492612625663293,"DBSCAN",0.000144199665876068,8.02490015173483,11.9517528474413,5.58584682131015,0,7.03044285143608,5.12305078239547,7.60625357615136,1.07329233103895,0.000195205934862226,5.92803657012633
"45",45,"45",291.215,24,23,0,8,34,16,105,0.0463926620796189,"DBSCAN",0.000135802576354487,12.6625166896986,17.9163760338373,13.6418447561711,0,11.9442506892249,8.0414800121039,11.7477404325969,1.01015891584876,0.000183723492496019,9.35973057245261
"46",46,"46",296.528,27,16,0,8,26,12,89,0.0321135259181012,"DBSCAN",9.40040808182176e-05,18.6265876395576,29.1181643769852,13.7096558065462,0,17.2552085196949,8.88365572564368,12.7284906400143,0.310045402532256,5.63897653050943e-05,31.0512952193189
"47",47,"47",326.686,9,27,1,28,19,18,102,0.0210880405872981,"DBSCAN",6.17298105702195e-05,31.2499896648577,14.7806829584581,35.2307668229312,90.5007180026258,91.968693963739,9.88607123809759,29.0750138004248,0.18058967274181,3.28448968417618e-05,58.7322880515253
"48",48,"48",218.399,17,9,0,11,33,11,81,0.0321179791679114,"DBSCAN",9.40171165607309e-05,13.7169645704329,18.3311170378335,7.71061214446804,0,23.722622048961,11.2738458224586,11.6661653151337,0.789670670431096,0.000143622009583881,8.97933026152656
"49",49,"49",243.434,17,34,0,4,40,16,111,0.0466356701150788,"DBSCAN",0.000136513919825868,10.5297630196929,12.6246376152171,20.0611237110756,0,5.94100593657277,9.41126783554215,11.6865255874671,0.434411589918176,7.90089690130151e-05,18.193620833338
"50",50,"50",654.127,30,42,2,19,42,28,163,0.0625414532278255,"DBSCAN",0.000183074005598476,21.0984082066784,16.6127491473805,18.478890102752,61.0309711693711,21.042815586682,7.36864587350376,15.2501359807004,1.20736387347299,0.000219590308086921,17.5898933600451
"51",51,"51",56.834,3,7,0,2,15,5,32,0.0216295514095637,"DBSCAN",6.33149441127031e-05,5.30049335054183,4.80354610279665,8.90522892484637,0,6.4047281370622,7.60939467430882,7.87419462857483,0.310910766626117,5.65471541189833e-05,5.93487763421584
"52",52,"52",206.842,5,12,1,1,21,4,44,0.0327161271657115,"DBSCAN",9.57680408556791e-05,12.7535892078696,5.29293228241787,10.0928523303301,58.3346190321451,2.11717291296715,7.04309863627653,4.16468114737421,0.5350859243441,9.73191972704196e-05,12.5503116196278
"53",53,"53",550.159,17,41,2,17,52,27,156,0.0511475287154023,"DBSCAN",0.000149721224485806,21.6979723069935,11.5109849866194,22.0573717383079,74.6265894893289,23.0219699732388,11.1553975551916,17.9813693788975,1.13013332523665,0.000205543937929963,15.8051218410008
"54",54,"54",582.207,39,22,1,16,50,28,156,0.0597859016186458,"DBSCAN",0.000175007837566081,19.6441943914429,22.5919669914487,10.1255461711542,31.9219542191162,18.5369985570861,9.17651089680381,15.9530196974983,1.01038017818787,0.000183763734767866,18.7081960731641
"55",55,"55",282.598,21,26,0,16,35,8,106,0.0481377833871767,"DBSCAN",0.000140910969772626,11.842368722234,15.10850272853,14.8621561619766,0,23.0224803482362,7.97789506189483,5.6609269656746,1.06444250327066,0.000193596365080612,8.619581573033
"56",56,"56",100.78,6,8,0,6,17,14,51,0.0177351351226673,"DBSCAN",5.19150428901828e-05,11.4629246019114,11.7166908129002,12.4122366146809,0,23.4333816258004,10.5177000976082,26.8891570196142,0.241015590768064,4.38349109107201e-05,13.5758966994872
"57",57,"57",176.782,14,10,0,11,20,5,60,0.0383318653091722,"DBSCAN",0.000112206668729745,9.30322817860132,12.6490032211141,7.17851491703985,0,19.8770050617508,5.72501205723966,4.443177918788,0.699640446524343,0.000127247687774872,8.20356157826925
"58",58,"58",310.444,15,7,0,9,145,12,188,0.0406228270805488,"DBSCAN",0.000118912869601526,15.4158938038208,12.7881975290192,4.74157316678059,0,15.345837034823,39.1655492640533,10.0622419324954,0.904894738996271,0.000164578482832061,11.1384437269075
"59",59,"59",1453.334,130,29,0,38,212,51,460,0.15941480651659,"DBSCAN",0.000466645811289106,18.3904501962035,28.2424856560586,5.00568944318565,0,16.5109916143112,14.5919579001954,10.8974572233442,5.71583120192812,0.00103957155103027,8.25515717823775
"60",60,"60",589.939,16,36,3,6,17,14,92,0.0365616737628129,"DBSCAN",0.000107024888640817,32.5489229316014,15.1559140758777,27.0938668546137,156.597000465563,11.3669355569083,5.10186797302743,13.0432440311996,0.44124809297077,8.02523636884231e-05,43.4073800699243
"61",61,"61",832.795,81,14,0,22,73,27,217,0.0411189664968967,"DBSCAN",0.000120365190032188,40.8555914671607,68.223037158175,9.36872315885835,0,37.0594275920951,19.4799139095925,22.3668706925994,1.5652701076258,0.00028468480192644,17.2738094817331
"62",62,"Beacon Junius+",539.113,28,55,0,13,171,49,316,0.84,"TAAG",0.00245888377653336,1.29466110783779,1.15442830420722,1.80168127149905,0,1.07196913962099,2.23369148054917,1.98701180448948,20.401726248877,0.00371058092007433,0.857930675207395
"63",63,"Beltline Preston+",886.611,37,40,2,17,204,48,348,0.86,"TAAG",0.00251742862835559,2.07964998571552,1.49001792752327,1.2798412414877,4.4383321265558,1.36920566312949,2.6027837080573,1.90119401891352,14.4961521404168,0.00263649972019823,1.98572765659383
"64",64,"CampWisdom Chaucer",2433.853,166,123,2,92,354,124,861,2.01,"TAAG",0.0058837576081334,2.44260853451738,2.86022535072236,1.68385082742001,1.89898787504378,3.17037026827057,1.93247359301766,2.10140267596329,33.4413137983035,0.00608216674454368,2.3629270870535
"65",65,"CampWisdom Westmoreland",2880.005,156,166,6,86,373,91,878,2.07,"TAAG",0.00605939216360007,2.80658680947651,2.61001181820762,2.20664415017855,5.53183424469274,2.87770533802379,1.97717381327702,1.49745817149932,31.7441370802668,0.00577349131820381,2.94556779988301
"66",66,"Central CFHawn",1690.633,117,28,4,39,75,34,297,0.57,"TAAG",0.00166852827693335,5.98315246245704,7.10884797853918,1.35169197785192,13.3928618555719,4.73923198569279,1.4437525728388,2.03183161962834,17.4918776889685,0.00318134979448286,3.13799478640349
"67",67,"Central Meadow+",924.009,40,123,0,27,312,87,589,1.24,"TAAG",0.00362978081297782,1.50317692253721,1.11718868149086,2.72946787347921,0,1.50820472001266,2.7608275005769,2.38990820724311,25.9559730240485,0.00472076416917416,1.1557880369379
"68",68,"Central Southwestern+",1263.849,45,51,1,20,576,93,786,1.21,"TAAG",0.00354196353524449,2.10700420484522,1.28799852122293,1.15979001759608,1.57725852431322,1.14488757442038,5.22328203542077,2.61806986282203,30.7379910216481,0.00559049766745212,1.33493161183445
"69",69,"Coit Churchill+",823.964,48,43,1,4,191,60,347,0.63,"TAAG",0.00184416283240002,2.63829449499074,2.63869326675936,1.87811623453234,3.02933780066507,0.439782211126559,3.32658926148064,3.24410090528895,17.2130500403656,0.00313063778412285,1.55413848042811
"70",70,"Davis Tyler+",614.961,39,74,0,23,119,40,295,0.62,"TAAG",0.00181489040648891,2.00083588679418,2.17851792890717,3.28423776646279,0,2.56953396742897,2.10601584979905,2.19761674229251,17.8222763174429,0.00324144131967442,1.12027258795672
"71",71,"Davis Westmoreland",1183.12,48,58,3,35,196,84,424,1.07,"TAAG",0.00313214957248893,2.23049164977522,1.55362313837233,1.49155329732258,5.35088639556727,2.26570041012632,2.0099194696268,2.67410934435967,25.1024567284124,0.00456553018343562,1.53021296247928
"72",72,"Ferguson Highland+",1720.259,103,96,2,68,235,145,649,1.4,"TAAG",0.0040981396275556,2.47868527307773,2.5479881857145,1.88685165887901,2.72640402059856,3.36433391511818,1.84181578220721,3.52795973450173,26.4718122029423,0.0048145828486173,2.10983976415643
"73",73,"Ferguson Woodmeadow",1635.879,76,107,4,55,201,69,512,0.94,"TAAG",0.00275160803564448,3.51058026614324,2.80010269531112,3.1322072085558,8.12120346561274,4.05278021689768,2.34625152156229,2.50037351689558,14.0030603092945,0.00254681823353935,3.79286622927557
"74",74,"Fitzhugh Central+",983.023,34,81,1,18,386,59,579,0.78,"TAAG",0.00228324922106669,2.54228748774381,1.50963701319405,2.85749169493696,2.44677283899871,1.59843919044076,5.42999044574346,2.57656475746988,22.2419210949984,0.00404526788734079,1.4349299200391
"75",75,"Five Points",3550.088,198,312,3,167,653,162,1495,1.74,"TAAG",0.0050934021085334,4.11571651711319,3.94097938332809,4.93400864821809,3.29048761106723,6.64791471733122,4.1178478554508,3.17138829879109,22.7698896382844,0.00414129260501509,5.06194591538979
"76",76,"Forest Audelia",2372.531,134,166,4,87,282,110,783,1.22,"TAAG",0.0035712359611556,3.92290371252071,3.80393588763362,3.74406015645049,6.2573207030131,4.93943913767351,2.53627091320337,3.07125946361372,19.4585582062233,0.00353904144832561,3.95859020439927
"77",77,"Forest Dennis",1359.058,68,117,0,85,345,148,763,1.6,"TAAG",0.00468358814577783,1.71345850748414,1.4718960878642,2.01215040185144,0,3.67974021966051,2.36594952873958,3.15083300426189,41.0201773612131,0.00746057885483886,1.07567175551397
"78",78,"Fort Worth Bahama+",916.444,60,71,0,26,196,99,452,0.89,"TAAG",0.00260524590608892,2.07716745302524,2.33479881749774,2.19514343273143,0,2.02349230849805,2.41642003651761,3.78903695623355,17.8684780874804,0.00324984430500437,1.66516654195465
"79",79,"Frankford Midway+",1055.516,73,110,0,37,183,65,468,0.95,"TAAG",0.00278088046155559,2.24128352678416,2.6612610381198,3.18613109065095,0,2.69771666877897,2.113653766636,2.33063038722074,23.1689042435521,0.0042138637180217,1.47910373602841
"80",80,"Garland Easton+",922.092,46,86,1,38,177,63,411,0.92,"TAAG",0.00269306318382225,2.02181777452768,1.73164245631083,2.57220266903343,2.07443784175978,2.86097449303528,2.1110173488943,2.33257907483548,19.7771052860523,0.0035969774632559,1.51373842861093
"81",81,"Great Trinity Forest BonnieView+",2023.028,165,86,2,54,136,58,501,1.07,"TAAG",0.00313214957248893,3.81393862098643,5.34057953815489,2.21161350982313,3.56725759704485,3.49565206133774,1.39463799933288,1.84640883301025,11.9068321816953,0.00216556500038117,5.51626306258138
"82",82,"Greenville LBJ",1991.58,122,133,1,68,442,122,888,1.66,"TAAG",0.0048592227012445,2.42016653692131,2.54530577915567,2.20464218676751,1.14968844242108,2.83739004889485,2.92159857992777,2.5034296745031,37.1267790153244,0.00675246379436456,1.74160551394811
"83",83,"Hampton Ledbetter",2252.519,112,108,6,64,212,117,619,2.9,"TAAG",0.00848900351422232,1.56684504498108,1.33754451797802,1.02475564232222,3.94858513328068,1.52862230626059,0.802129015640646,1.37426826280947,37.4701730261986,0.00681491886553227,1.95174049105093
"84",84,"Harry Hines Wallnut Hill+",2305.739,108,196,4,73,369,182,932,2,"TAAG",0.00585448518222229,2.32560382593707,1.87017385281569,2.69662549581458,3.81696562883799,2.52819798621381,2.02442985763456,3.09973841500359,29.0081031698749,0.00527587287647341,2.58065602743806
"85",85,"Hatcher Scyene",2431.577,186,130,4,35,123,44,522,0.92,"TAAG",0.00269306318382225,5.33157819255853,7.00185862769161,3.88821333691099,8.29775136703911,2.63510808569039,1.46697815770621,1.62910284591684,25.3898836311997,0.00461780619029838,3.10932861847137
"86",86,"Inwood Lemmon+",1038.01,40,74,2,11,284,71,482,0.76,"TAAG",0.00222470436924447,2.75513909030894,1.82278153295877,2.67924659895648,5.02232319583946,1.00252984312732,4.10025730686219,3.18220687485909,12.7941623786574,0.00232694891753056,2.63408015788815
"87",87,"Jefferson Corridor",1989.515,103,146,3,103,274,103,732,1.07,"TAAG",0.00313214957248893,3.75075782220109,3.33381631775729,3.75459967946718,5.35088639556727,6.66763263551459,2.80978538100889,3.27896741034579,28.8773781021788,0.00525209714612336,2.23680830389589
"88",88,"JohnWest Buckner",2330.341,162,205,1,91,293,152,904,1.63,"TAAG",0.00477140542351117,2.88394819828722,3.44203776591845,3.46067501340922,1.17084835240429,3.86698069998246,1.97236087680824,3.17643254284734,25.8907708016289,0.00470890546077344,2.92222602238711
"89",89,"JuliusSchepps Central",3155.309,246,104,5,72,157,64,648,1,"TAAG",0.00292724259111115,6.36498639474258,8.51968088504927,2.86172501596649,9.54241407209497,4.98713027417518,1.72268556991125,2.18003580835417,32.6248838777008,0.00593367787409171,3.14001866327897
"90",90,"LakeJune Buckner",1785.055,106,136,0,101,407,134,884,1.68,"TAAG",0.00491776755306673,2.14337373041587,2.18516786153509,2.22753320839883,0,4.16418781160461,2.65822348708629,2.71693450817949,33.3605165181908,0.00606747167206193,1.73723329176298
"91",91,"Lancaster Kiest+",1606.292,101,84,3,62,116,51,417,0.91,"TAAG",0.00266379075791114,3.56072708073214,3.84386567225041,2.53999261772174,6.29170158599668,4.71920141939654,1.39869480023592,1.9090286096508,21.9399619288516,0.00399034881299984,2.37699317367887
"92",92,"Loop12 JimMiller",2113.858,181,86,1,50,199,93,610,0.92,"TAAG",0.00269306318382225,4.63493412504124,6.81363662157086,2.57220266903343,2.07443784175978,3.76444012241484,2.373403686045,3.44333101523332,15.6152777780295,0.00284004162579166,4.39506602235472
"93",93,"Maham SpringValley",1258.95,92,90,0,31,252,81,546,0.64,"TAAG",0.00187343525831113,3.96811355364739,4.97847206189363,3.86952000356046,0,3.35505725910223,4.32042957422011,4.31110596866914,12.7305120745216,0.00231537246555771,3.21071618107658
"94",94,"Masters Lake June+",1088.515,62,72,2,28,134,53,351,1.21,"TAAG",0.00354196353524449,1.81469913101731,1.77457574035159,1.63735061307682,3.15451704862644,1.60284260418853,1.21513852907358,1.49201830892008,20.717813622273,0.00376806957385254,1.7058066533871
"95",95,"McKinney Allen+",2097.102,137,174,0,26,589,122,1048,0.9,"TAAG",0.00263451833200003,4.70037630700351,5.27188925587963,5.3198734271172,0,2.00100906062585,7.18090446339511,4.6174369551946,22.9752145204801,0.00417863623863696,2.96346148382102
"96",96,"Medical District Stemmons+",979.628,65,34,0,15,302,75,491,1.49,"TAAG",0.00436159146075561,1.32626559864806,1.51082898872757,0.627895266796985,0,0.697305687105031,2.22396033904672,1.71458353215775,30.3770171781106,0.00552484524960588,1.04702094781206
"97",97,"Mockingbird Greenville+",623.399,28,63,0,19,237,41,388,0.67,"TAAG",0.00196125253604447,1.87692484033703,1.4473429485583,2.58738053969416,0,1.96425114447198,3.88132408089141,2.08445588018939,18.4381945013416,0.00335346195134167,1.09770847455213
"98",98,"Monument Good Latimer+",2107.699,165,91,0,51,418,117,842,0.79,"TAAG",0.00231252164697781,5.38191806423153,7.2334431719313,3.16963213793757,0,4.47158305173935,5.8057128777143,5.04478223056642,28.3315621391268,0.0051528264141438,2.41533500752797
"99",99,"NWHwy WaltonWalker",1593.225,85,82,2,42,331,143,685,2.02,"TAAG",0.00591303003404452,1.59104083615425,1.45732285927149,1.11700995482317,1.8895869449693,1.44017788445653,1.79797226348182,2.41139480657988,27.5377073996969,0.00500844342353283,1.87840242047404
"100",100,"Overton Illinois",2397.223,185,87,4,48,110,56,490,0.88,"TAAG",0.00257597348017781,5.49517271747538,7.28076941857961,2.72038982068493,8.6749218837227,3.77812899558726,1.37156494419686,2.16764924126125,14.64597955052,0.00266374970495204,5.31409507541102
"101",101,"Pinnacle Point Cockrell Hill+",606.537,29,27,0,18,239,64,377,1.62,"TAAG",0.00474213299760006,0.755262406067725,0.619970755963136,0.458609778199758,0,0.769618869471479,1.61878529216321,1.34570111626801,16.0309676636161,0.0029156455692673,1.22839168636009
"102",102,"RLT Overton+",1475.386,88,84,3,36,129,79,419,1.39,"TAAG",0.00406886720164449,2.14114678608526,2.19258325403385,1.66287286483941,4.11902765701941,1.79393175330043,1.01831296576342,1.93595805822819,25.3533999332229,0.00461117068740245,1.88933408073785
"103",103,"Rosemeade Marsh+",535.602,38,47,0,25,84,30,224,0.69,"TAAG",0.00201979738786669,1.56584468602926,1.90731632869019,1.87431822394684,0,2.50962674827656,1.33578498913085,1.48100258719713,15.2916154759408,0.00278117527556095,1.13717716191366
"104",104,"Ross Bennett",4766.039,260,345,4,127,1196,255,2187,2.3,"TAAG",0.00673265795955564,4.18008717754502,3.91501772731144,4.12748800379782,3.31910054681564,3.82467116437348,5.70571016785893,3.77655659735268,58.0767803161912,0.0105627626952631,2.66436897424154
"105",105,"Royal Skillman",1270.431,70,118,2,33,179,58,460,0.72,"TAAG",0.00210761466560003,3.5593784732948,3.36708255393772,4.50966281896429,5.30134115116387,3.17467783656985,2.72789027790264,2.74396868239024,14.2619976819425,0.00259391268342663,2.89207817929595
"106",106,"Samuell Buckner",1775.772,79,109,4,59,264,120,635,0.73,"TAAG",0.00213688709151114,4.9070437176534,3.74793846708371,4.10864102661153,10.4574400790082,5.59818657108706,3.96814405773119,5.59940704200558,14.7299239313179,0.00267901715898688,3.9140467400738
"107",107,"Saner Westmoreland+",1260.557,81,116,0,61,245,84,587,1.26,"TAAG",0.00368832566480004,2.01812251125173,2.22639744382821,2.533273060532,0,3.35333935984001,2.13354546875067,2.27087063370226,22.8566455112291,0.00415707140152112,1.79056175225588
"108",108,"Simpson Stuart BonnieView+",1649.877,104,107,2,78,183,66,540,1.01,"TAAG",0.00295651501702226,3.29523034302332,3.56615476151141,2.91512354063609,3.7791738899386,5.34923214226711,1.98809017653881,2.22590289838143,16.5002886474468,0.00300100371331595,3.24637985300292
"109",109,"SpringValley Preston",2390.68,81,192,3,78,770,203,1327,1.78,"TAAG",0.00521049181217784,2.70929957891501,1.57598920181098,2.96808126115799,3.2165440692455,3.03523846274707,4.74653935744531,3.88471970765359,31.1565614881733,0.00566662551898041,2.49121513771984
"110",110,"StAugustine Bruton",2826.405,165,188,5,73,330,147,908,2.28,"TAAG",0.00667411310773341,2.50066277477887,2.5063246078183,2.26891153425144,4.18526932986622,2.2177175317665,1.58812783012268,2.19617094180416,42.5108971028735,0.00773170474698671,2.1586062517037
"111",111,"Stemmons Empire Central+",940.448,53,30,1,31,192,98,405,0.74,"TAAG",0.00216615951742225,2.56364951422664,2.48046081579659,1.11553729832374,2.57903083029594,2.90167114300733,2.84692399227888,4.51105382640855,15.1133314902664,0.00274874972747113,2.02029080315218
"112",112,"Timberglen Pear Ridge+",654.867,35,82,0,15,185,58,375,0.55,"TAAG",0.00160998342511113,2.4018506560132,2.20390858075923,4.10247292498693,0,1.88906449779363,3.69075657711155,3.59210445694722,14.2679024964266,0.0025949866264692,1.49015787069199
"113",113,"WalnutHill Jupiter",1609.984,66,142,3,105,201,106,623,0.78,"TAAG",0.00228324922106669,4.16372981981879,2.9304718491414,5.00942988495121,7.34031851699613,9.32422861090445,2.82753388495968,4.62908244562384,16.6996964876247,0.00303727118000239,3.13005731277045
"114",114,"WebbChapel Timberline",3487.338,168,255,4,248,521,271,1467,1.52,"TAAG",0.00444940873848894,4.62813520337945,3.82784121921341,4.61626947793178,5.02232319583946,11.3012455043443,3.76097545224507,6.07308495131559,29.0254959241643,0.0052790361981172,3.90080015442388
"115",115,"Wycliff Lemmon",1981.302,121,141,1,50,482,106,901,0.98,"TAAG",0.00286869773928892,4.07830954435138,4.27609667782878,3.95901910568363,1.94743144328469,3.53396419655271,5.39668818859499,3.68437174243531,27.2651243060255,0.00495886714679167,2.35929639243726
